{"_id": "job10606", "job_id": "job10606", "job_num": 10606, "compute": "batch", "ws_name": "xt-demo", "exper_name": "pair300", "pool_info": {"service": "xtsandboxbatch", "vm-size": "Standard_NC6", "azure-image": "dsvm", "nodes": 1, "low-pri": true, "box-class": "dsvm", "setup": "batch", "name": "batch"}, "runs_by_box": {"job10606-batch-0": [{"ws_name": "xt-demo", "run_name": "run1", "box_index": 0}]}, "service_job_info": {"batch_job_id": "job10606", "pool_id": "__pool10606__"}, "service_info_by_node": {"node0": {"job_id": "job10606", "node_id": "node0", "task_index": 0}}, "primary_metric": "test-acc", "run_count": 1, "repeat": null, "search_type": "random", "username": "rfernand", "hold": null, "started": "2020-05-15T18:38:50.284980-07:00", "job_status": "completed", "running_nodes": 0, "running_runs": 0, "error_runs": 0, "completed_runs": 1, "job_guid": "3007d188-38f3-475c-949a-cc74cd606e71", "job_secret": "55ecd432-65aa-45dd-b99b-246d66030de7", "dynamic_runs_remaining": null, "search_style": "single", "active_runs": [{"run_index": 0, "run_name": null, "node_id": "node0", "status": "unstarted"}], "connect_info_by_node": {}, "secrets_by_node": {"node0": "c6e4bab6-d5db-4126-b616-df2379b48fc0"}, "xt_cmd": "xt run --exper=pair300 --target=batch code\\miniMnist.py --epochs=300", "schedule": "static", "node_count": 1, "concurrent": 1}