{"_id": "run3", "ws": "xt-demo", "run_name": "run3", "run_num": 3000000, "run_guid": "436f9ac5-9eca-4883-90ea-70fb6f776a67", "description": null, "exper_name": "search10", "job_id": "job10608", "node_index": 0, "is_outer": true, "is_parent": true, "is_child": false, "from_ip": "100.64.65.122", "from_computer_name": "agent2", "username": "rfernand", "box_name": "job10608-batch-0", "app_name": null, "repeat": null, "path": "c:\\github\\xt_import_export\\cmdlineTest\\code\\miniMnist.py", "script": "miniMnist.py", "create_time": "2020-05-16T01:41:10.078076+00:00", "node": 0, "compute": "batch", "service_type": "batch", "search_type": null, "sku": null, "xt_build": "May-15-2020", "xt_version": "0.1.1.ie", "search_style": "static", "run_index": null, "status": "completed", "duration": 0, "log_records": [{"time": "2020-05-15T18:41:11.236039-07:00", "event": "created", "data": {"ws": "xt-demo", "run_name": "run3", "run_num": 3000000, "run_guid": "436f9ac5-9eca-4883-90ea-70fb6f776a67", "description": null, "exper_name": "search10", "job_id": "job10608", "node_index": 0, "is_outer": true, "is_parent": true, "is_child": false, "from_ip": "100.64.65.122", "from_computer_name": "agent2", "username": "rfernand", "box_name": "job10608-batch-0", "app_name": null, "repeat": null, "path": "c:\\github\\xt_import_export\\cmdlineTest\\code\\miniMnist.py", "script": "miniMnist.py", "create_time": "2020-05-15T18:41:10.078076-07:00", "node": 0, "compute": "batch", "service_type": "batch", "search_type": null, "sku": null, "xt_build": "May-15-2020", "xt_version": "0.1.1.ie", "search_style": "static", "run_index": null}}, {"time": "2020-05-15T18:41:12.230911-07:00", "event": "cmd", "data": {"cmd": ["python", "-u", "miniMnist.py"], "xt_cmd": "xt run --exper=search10 --runs=10 --target=batch --hp-config=code\\miniSweeps.yaml code\\miniMnist.py"}}, {"time": "2020-05-15T18:41:14.764681-07:00", "event": "status-change", "data": {"status": "queued"}}, {"time": "2020-05-16T01:46:16.326215+00:00", "event": "queued", "data": {}}, {"time": "2020-05-16T01:46:17.593795+00:00", "event": "status-change", "data": {"status": "spawning"}}, {"time": "2020-05-16T01:46:17.816756+00:00", "event": "child_created", "data": {"child_name": "run3.1"}}, {"time": "2020-05-16T01:53:49.859376+00:00", "event": "status-change", "data": {"status": "spawning"}}, {"time": "2020-05-16T01:53:50.107408+00:00", "event": "child_created", "data": {"child_name": "run3.2"}}, {"time": "2020-05-16T01:58:19.933131+00:00", "event": "status-change", "data": {"status": "spawning"}}, {"time": "2020-05-16T01:58:20.172207+00:00", "event": "child_created", "data": {"child_name": "run3.3"}}, {"time": "2020-05-16T02:24:33.109137+00:00", "event": "status-change", "data": {"status": "spawning"}}, {"time": "2020-05-16T02:24:33.368509+00:00", "event": "child_created", "data": {"child_name": "run3.4"}}, {"time": "2020-05-16T02:28:30.201262+00:00", "event": "status-change", "data": {"status": "spawning"}}, {"time": "2020-05-16T02:28:30.439204+00:00", "event": "child_created", "data": {"child_name": "run3.5"}}, {"time": "2020-05-16T02:32:24.233239+00:00", "event": "status-change", "data": {"status": "spawning"}}, {"time": "2020-05-16T02:32:24.476617+00:00", "event": "child_created", "data": {"child_name": "run3.6"}}, {"time": "2020-05-16T02:36:15.252490+00:00", "event": "status-change", "data": {"status": "spawning"}}, {"time": "2020-05-16T02:36:15.486374+00:00", "event": "child_created", "data": {"child_name": "run3.7"}}, {"time": "2020-05-16T02:40:11.298728+00:00", "event": "status-change", "data": {"status": "spawning"}}, {"time": "2020-05-16T02:40:11.544067+00:00", "event": "child_created", "data": {"child_name": "run3.8"}}, {"time": "2020-05-16T02:44:06.434433+00:00", "event": "status-change", "data": {"status": "spawning"}}, {"time": "2020-05-16T02:44:06.672256+00:00", "event": "child_created", "data": {"child_name": "run3.9"}}, {"time": "2020-05-16T02:49:12.538960+00:00", "event": "status-change", "data": {"status": "spawning"}}, {"time": "2020-05-16T02:49:12.828317+00:00", "event": "child_created", "data": {"child_name": "run3.10"}}, {"time": "2020-05-16T02:53:04.863562+00:00", "event": "ended", "data": {"status": "completed", "exit_code": null, "metrics_rollup": null}}, {"time": "2020-05-16T02:53:05.054254+00:00", "event": "capture_after", "data": {"elapsed": 0.01734471321105957, "count": 1}}], "last_time": "2020-05-16T02:53:05.019200+00:00", "exit_code": null, "restarts": 0, "end_time": "2020-05-16T02:53:04.863562+00:00", "end_id": 13}