{"_id": "run3.1", "ws": "xt-demo", "run_name": "run3.1", "run_num": 3000001, "run_guid": "1f648fa0-5450-456b-83cd-e90af9a1a9c1", "description": null, "exper_name": "search10", "job_id": "job10608", "node_index": 0, "is_outer": false, "is_parent": false, "is_child": true, "from_ip": "100.64.65.122", "from_computer_name": "agent2", "username": "rfernand", "box_name": "job10608-batch-0", "app_name": null, "repeat": null, "path": "miniMnist.py", "script": "miniMnist.py", "create_time": "2020-05-16T01:46:17.727557+00:00", "compute": "batch", "service_type": "batch", "sku": null, "search_style": null, "search_type": "random", "xt_version": "version: 0.1.1, build: Apr-30-2020", "run_index": 0, "status": "completed", "duration": 0, "log_records": [{"time": "2020-05-16T01:46:17.738137+00:00", "event": "created", "data": {"ws": "xt-demo", "run_name": "run3.1", "run_num": 3000001, "run_guid": "1f648fa0-5450-456b-83cd-e90af9a1a9c1", "description": null, "exper_name": "search10", "job_id": "job10608", "node_index": 0, "is_outer": false, "is_parent": false, "is_child": true, "from_ip": "100.64.65.122", "from_computer_name": "agent2", "username": "rfernand", "box_name": "job10608-batch-0", "app_name": null, "repeat": null, "path": "miniMnist.py", "script": "miniMnist.py", "create_time": "2020-05-16T01:46:17.727557+00:00", "compute": "batch", "service_type": "batch", "sku": null, "search_style": null, "search_type": "random", "xt_version": "version: 0.1.1, build: Apr-30-2020", "run_index": 0}}, {"time": "2020-05-16T01:46:17.844099+00:00", "event": "cmd", "data": {"cmd": ["python", "-u", "miniMnist.py", "--epochs=200", "--lr=0.021507142857142857", "--momentum=0.1", "--batch-size=20", "--seed=6397", "--log-interval=1", "--mid-conv=0", "--mlp-units=8", "--channels1=16", "--channels2=16", "--optimizer=adam", "--weight-decay=0.4"], "xt_cmd": "xt run --exper=search10 --runs=10 --target=batch --hp-config=code\\miniSweeps.yaml code\\miniMnist.py"}}, {"time": "2020-05-16T01:46:17.994059+00:00", "event": "download_before", "data": {"source": "job", "count": 2}}, {"time": "2020-05-16T01:46:18.050886+00:00", "event": "download_before", "data": {"source": "parent-run", "count": 0}}, {"time": "2020-05-16T01:46:18.079991+00:00", "event": "download_before", "data": {"source": "run", "count": 0}}, {"time": "2020-05-16T01:46:18.102923+00:00", "event": "started", "data": {}}, {"time": "2020-05-16T01:49:38.838902+00:00", "event": "hparams", "data": {"seed": 6397, "batch-size": 20, "epochs": 200, "lr": 0.021507142857142857, "momentum": 0.1, "channels1": 16, "channels2": 16, "kernel_size": 5, "mlp-units": 8, "weight-decay": 0.4, "optimizer": "adam", "mid-conv": 0, "gpu": 0, "log-interval": 1}}, {"time": "2020-05-16T01:50:01.702086+00:00", "event": "metrics", "data": {"epoch": 1, "train-loss": 2.261653184890747, "train-acc": 0.05, "__step_name__": "epoch"}}, {"time": "2020-05-16T01:50:01.901675+00:00", "event": "metrics", "data": {"epoch": 2, "train-loss": 2.294480085372925, "train-acc": 0.15, "__step_name__": "epoch"}}, {"time": "2020-05-16T01:50:03.816600+00:00", "event": "metrics", "data": {"epoch": 2, "test-loss": 2.30852568359375, "test-acc": 0.101, "__step_name__": "epoch"}}, {"time": "2020-05-16T01:50:04.018971+00:00", "event": "metrics", "data": {"epoch": 3, "train-loss": 2.2695555686950684, "train-acc": 0.15, "__step_name__": "epoch"}}, {"time": "2020-05-16T01:50:04.199337+00:00", "event": "metrics", "data": {"epoch": 4, "train-loss": 2.2832353115081787, "train-acc": 0.15, "__step_name__": "epoch"}}, {"time": "2020-05-16T01:50:05.973666+00:00", "event": "metrics", "data": {"epoch": 4, "test-loss": 2.3047837890625, "test-acc": 0.101, "__step_name__": "epoch"}}, {"time": "2020-05-16T01:50:06.160187+00:00", "event": "metrics", "data": {"epoch": 5, "train-loss": 2.271512508392334, "train-acc": 0.15, "__step_name__": "epoch"}}, {"time": "2020-05-16T01:50:06.337352+00:00", "event": "metrics", "data": {"epoch": 6, "train-loss": 2.2833778858184814, "train-acc": 0.16666666666666666, "__step_name__": "epoch"}}, {"time": "2020-05-16T01:50:08.150825+00:00", "event": "metrics", "data": {"epoch": 6, "test-loss": 2.3054771484375, "test-acc": 0.1009, "__step_name__": "epoch"}}, {"time": "2020-05-16T01:50:08.335259+00:00", "event": "metrics", "data": {"epoch": 7, "train-loss": 2.273336887359619, "train-acc": 0.16666666666666666, "__step_name__": "epoch"}}, {"time": "2020-05-16T01:50:08.515701+00:00", "event": "metrics", "data": {"epoch": 8, "train-loss": 2.264857769012451, "train-acc": 0.16666666666666666, "__step_name__": "epoch"}}, {"time": "2020-05-16T01:50:10.265327+00:00", "event": "metrics", "data": {"epoch": 8, "test-loss": 2.30562158203125, "test-acc": 0.1009, "__step_name__": "epoch"}}, {"time": "2020-05-16T01:50:10.458463+00:00", "event": "metrics", "data": {"epoch": 9, "train-loss": 2.2659897804260254, "train-acc": 0.16666666666666666, "__step_name__": "epoch"}}, {"time": "2020-05-16T01:50:10.639623+00:00", "event": "metrics", "data": {"epoch": 10, "train-loss": 2.291613817214966, "train-acc": 0.16666666666666666, "__step_name__": "epoch"}}, {"time": "2020-05-16T01:50:12.498961+00:00", "event": "metrics", "data": {"epoch": 10, "test-loss": 2.30614306640625, "test-acc": 0.1009, "__step_name__": "epoch"}}, {"time": "2020-05-16T01:50:12.691686+00:00", "event": "metrics", "data": {"epoch": 11, "train-loss": 2.283524513244629, "train-acc": 0.16666666666666666, "__step_name__": "epoch"}}, {"time": "2020-05-16T01:50:12.878259+00:00", "event": "metrics", "data": {"epoch": 12, "train-loss": 2.260866403579712, "train-acc": 0.16666666666666666, "__step_name__": "epoch"}}, {"time": "2020-05-16T01:50:14.627814+00:00", "event": "metrics", "data": {"epoch": 12, "test-loss": 2.3061412109375, "test-acc": 0.1009, "__step_name__": "epoch"}}, {"time": "2020-05-16T01:50:14.847982+00:00", "event": "metrics", "data": {"epoch": 13, "train-loss": 2.269925594329834, "train-acc": 0.16666666666666666, "__step_name__": "epoch"}}, {"time": "2020-05-16T01:50:15.062383+00:00", "event": "metrics", "data": {"epoch": 14, "train-loss": 2.2798361778259277, "train-acc": 0.16666666666666666, "__step_name__": "epoch"}}, {"time": "2020-05-16T01:50:16.838718+00:00", "event": "metrics", "data": {"epoch": 14, "test-loss": 2.3059025390625, "test-acc": 0.1009, "__step_name__": "epoch"}}, {"time": "2020-05-16T01:50:17.030496+00:00", "event": "metrics", "data": {"epoch": 15, "train-loss": 2.2417259216308594, "train-acc": 0.16666666666666666, "__step_name__": "epoch"}}, {"time": "2020-05-16T01:50:17.227413+00:00", "event": "metrics", "data": {"epoch": 16, "train-loss": 2.2635769844055176, "train-acc": 0.16666666666666666, "__step_name__": "epoch"}}, {"time": "2020-05-16T01:50:19.014395+00:00", "event": "metrics", "data": {"epoch": 16, "test-loss": 2.305216015625, "test-acc": 0.1009, "__step_name__": "epoch"}}, {"time": "2020-05-16T01:50:19.203872+00:00", "event": "metrics", "data": {"epoch": 17, "train-loss": 2.2898881435394287, "train-acc": 0.16666666666666666, "__step_name__": "epoch"}}, {"time": "2020-05-16T01:50:19.346557+00:00", "event": "metrics", "data": {"epoch": 18, "train-loss": 2.266491174697876, "train-acc": 0.16666666666666666, "__step_name__": "epoch"}}, {"time": "2020-05-16T01:50:21.171514+00:00", "event": "metrics", "data": {"epoch": 18, "test-loss": 2.3049595703125, "test-acc": 0.1009, "__step_name__": "epoch"}}, {"time": "2020-05-16T01:50:21.362548+00:00", "event": "metrics", "data": {"epoch": 19, "train-loss": 2.283792018890381, "train-acc": 0.16666666666666666, "__step_name__": "epoch"}}, {"time": "2020-05-16T01:50:21.511910+00:00", "event": "metrics", "data": {"epoch": 20, "train-loss": 2.2834930419921875, "train-acc": 0.16666666666666666, "__step_name__": "epoch"}}, {"time": "2020-05-16T01:50:23.259984+00:00", "event": "metrics", "data": {"epoch": 20, "test-loss": 2.30481455078125, "test-acc": 0.1009, "__step_name__": "epoch"}}, {"time": "2020-05-16T01:50:23.463187+00:00", "event": "metrics", "data": {"epoch": 21, "train-loss": 2.272616147994995, "train-acc": 0.16666666666666666, "__step_name__": "epoch"}}, {"time": "2020-05-16T01:50:23.606850+00:00", "event": "metrics", "data": {"epoch": 22, "train-loss": 2.2818732261657715, "train-acc": 0.16666666666666666, "__step_name__": "epoch"}}, {"time": "2020-05-16T01:50:25.309665+00:00", "event": "metrics", "data": {"epoch": 22, "test-loss": 2.30474580078125, "test-acc": 0.1009, "__step_name__": "epoch"}}, {"time": "2020-05-16T01:50:25.510019+00:00", "event": "metrics", "data": {"epoch": 23, "train-loss": 2.2558343410491943, "train-acc": 0.16666666666666666, "__step_name__": "epoch"}}, {"time": "2020-05-16T01:50:25.604194+00:00", "event": "metrics", "data": {"epoch": 24, "train-loss": 2.2646758556365967, "train-acc": 0.16666666666666666, "__step_name__": "epoch"}}, {"time": "2020-05-16T01:50:27.316287+00:00", "event": "metrics", "data": {"epoch": 24, "test-loss": 2.30477060546875, "test-acc": 0.1009, "__step_name__": "epoch"}}, {"time": "2020-05-16T01:50:27.470230+00:00", "event": "metrics", "data": {"epoch": 25, "train-loss": 2.2907605171203613, "train-acc": 0.16666666666666666, "__step_name__": "epoch"}}, {"time": "2020-05-16T01:50:27.574079+00:00", "event": "metrics", "data": {"epoch": 26, "train-loss": 2.280127763748169, "train-acc": 0.16666666666666666, "__step_name__": "epoch"}}, {"time": "2020-05-16T01:50:29.391053+00:00", "event": "metrics", "data": {"epoch": 26, "test-loss": 2.30517880859375, "test-acc": 0.1009, "__step_name__": "epoch"}}, {"time": "2020-05-16T01:50:29.548001+00:00", "event": "metrics", "data": {"epoch": 27, "train-loss": 2.256417751312256, "train-acc": 0.16666666666666666, "__step_name__": "epoch"}}, {"time": "2020-05-16T01:50:29.654100+00:00", "event": "metrics", "data": {"epoch": 28, "train-loss": 2.2818100452423096, "train-acc": 0.16666666666666666, "__step_name__": "epoch"}}, {"time": "2020-05-16T01:50:31.376686+00:00", "event": "metrics", "data": {"epoch": 28, "test-loss": 2.30513837890625, "test-acc": 0.1009, "__step_name__": "epoch"}}, {"time": "2020-05-16T01:50:31.527108+00:00", "event": "metrics", "data": {"epoch": 29, "train-loss": 2.2808916568756104, "train-acc": 0.16666666666666666, "__step_name__": "epoch"}}, {"time": "2020-05-16T01:50:31.640963+00:00", "event": "metrics", "data": {"epoch": 30, "train-loss": 2.2686972618103027, "train-acc": 0.16666666666666666, "__step_name__": "epoch"}}, {"time": "2020-05-16T01:50:33.384862+00:00", "event": "metrics", "data": {"epoch": 30, "test-loss": 2.30515947265625, "test-acc": 0.1009, "__step_name__": "epoch"}}, {"time": "2020-05-16T01:50:33.543195+00:00", "event": "metrics", "data": {"epoch": 31, "train-loss": 2.2738053798675537, "train-acc": 0.16666666666666666, "__step_name__": "epoch"}}, {"time": "2020-05-16T01:50:33.646112+00:00", "event": "metrics", "data": {"epoch": 32, "train-loss": 2.275618076324463, "train-acc": 0.16666666666666666, "__step_name__": "epoch"}}, {"time": "2020-05-16T01:50:35.428789+00:00", "event": "metrics", "data": {"epoch": 32, "test-loss": 2.30488046875, "test-acc": 0.1009, "__step_name__": "epoch"}}, {"time": "2020-05-16T01:50:35.582399+00:00", "event": "metrics", "data": {"epoch": 33, "train-loss": 2.281505823135376, "train-acc": 0.16666666666666666, "__step_name__": "epoch"}}, {"time": "2020-05-16T01:50:35.687162+00:00", "event": "metrics", "data": {"epoch": 34, "train-loss": 2.2618775367736816, "train-acc": 0.16666666666666666, "__step_name__": "epoch"}}, {"time": "2020-05-16T01:50:37.453374+00:00", "event": "metrics", "data": {"epoch": 34, "test-loss": 2.30490263671875, "test-acc": 0.1009, "__step_name__": "epoch"}}, {"time": "2020-05-16T01:50:37.562118+00:00", "event": "metrics", "data": {"epoch": 35, "train-loss": 2.2531564235687256, "train-acc": 0.16666666666666666, "__step_name__": "epoch"}}, {"time": "2020-05-16T01:50:37.669318+00:00", "event": "metrics", "data": {"epoch": 36, "train-loss": 2.2757954597473145, "train-acc": 0.16666666666666666, "__step_name__": "epoch"}}, {"time": "2020-05-16T01:50:39.376453+00:00", "event": "metrics", "data": {"epoch": 36, "test-loss": 2.304863671875, "test-acc": 0.1009, "__step_name__": "epoch"}}, {"time": "2020-05-16T01:50:39.487027+00:00", "event": "metrics", "data": {"epoch": 37, "train-loss": 2.2779736518859863, "train-acc": 0.16666666666666666, "__step_name__": "epoch"}}, {"time": "2020-05-16T01:50:39.592229+00:00", "event": "metrics", "data": {"epoch": 38, "train-loss": 2.291865825653076, "train-acc": 0.16666666666666666, "__step_name__": "epoch"}}, {"time": "2020-05-16T01:50:41.317052+00:00", "event": "metrics", "data": {"epoch": 38, "test-loss": 2.30514140625, "test-acc": 0.1009, "__step_name__": "epoch"}}, {"time": "2020-05-16T01:50:41.425174+00:00", "event": "metrics", "data": {"epoch": 39, "train-loss": 2.2784910202026367, "train-acc": 0.16666666666666666, "__step_name__": "epoch"}}, {"time": "2020-05-16T01:50:41.530688+00:00", "event": "metrics", "data": {"epoch": 40, "train-loss": 2.268655300140381, "train-acc": 0.16666666666666666, "__step_name__": "epoch"}}, {"time": "2020-05-16T01:50:43.358762+00:00", "event": "metrics", "data": {"epoch": 40, "test-loss": 2.3052015625, "test-acc": 0.1009, "__step_name__": "epoch"}}, {"time": "2020-05-16T01:50:43.470861+00:00", "event": "metrics", "data": {"epoch": 41, "train-loss": 2.2941489219665527, "train-acc": 0.16666666666666666, "__step_name__": "epoch"}}, {"time": "2020-05-16T01:50:43.580366+00:00", "event": "metrics", "data": {"epoch": 42, "train-loss": 2.2848153114318848, "train-acc": 0.16666666666666666, "__step_name__": "epoch"}}, {"time": "2020-05-16T01:50:45.307128+00:00", "event": "metrics", "data": {"epoch": 42, "test-loss": 2.30504296875, "test-acc": 0.1009, "__step_name__": "epoch"}}, {"time": "2020-05-16T01:50:45.422601+00:00", "event": "metrics", "data": {"epoch": 43, "train-loss": 2.299614429473877, "train-acc": 0.16666666666666666, "__step_name__": "epoch"}}, {"time": "2020-05-16T01:50:45.533059+00:00", "event": "metrics", "data": {"epoch": 44, "train-loss": 2.265411853790283, "train-acc": 0.16666666666666666, "__step_name__": "epoch"}}, {"time": "2020-05-16T01:50:47.260231+00:00", "event": "metrics", "data": {"epoch": 44, "test-loss": 2.30504609375, "test-acc": 0.1009, "__step_name__": "epoch"}}, {"time": "2020-05-16T01:50:47.382179+00:00", "event": "metrics", "data": {"epoch": 45, "train-loss": 2.2889814376831055, "train-acc": 0.16666666666666666, "__step_name__": "epoch"}}, {"time": "2020-05-16T01:50:47.491095+00:00", "event": "metrics", "data": {"epoch": 46, "train-loss": 2.2641546726226807, "train-acc": 0.16666666666666666, "__step_name__": "epoch"}}, {"time": "2020-05-16T01:50:49.264430+00:00", "event": "metrics", "data": {"epoch": 46, "test-loss": 2.304894921875, "test-acc": 0.1009, "__step_name__": "epoch"}}, {"time": "2020-05-16T01:50:49.386372+00:00", "event": "metrics", "data": {"epoch": 47, "train-loss": 2.2654430866241455, "train-acc": 0.16666666666666666, "__step_name__": "epoch"}}, {"time": "2020-05-16T01:50:49.497993+00:00", "event": "metrics", "data": {"epoch": 48, "train-loss": 2.2792561054229736, "train-acc": 0.16666666666666666, "__step_name__": "epoch"}}, {"time": "2020-05-16T01:50:51.354293+00:00", "event": "metrics", "data": {"epoch": 48, "test-loss": 2.3049443359375, "test-acc": 0.1009, "__step_name__": "epoch"}}, {"time": "2020-05-16T01:50:51.474110+00:00", "event": "metrics", "data": {"epoch": 49, "train-loss": 2.2772390842437744, "train-acc": 0.16666666666666666, "__step_name__": "epoch"}}, {"time": "2020-05-16T01:50:51.586395+00:00", "event": "metrics", "data": {"epoch": 50, "train-loss": 2.2743799686431885, "train-acc": 0.16666666666666666, "__step_name__": "epoch"}}, {"time": "2020-05-16T01:50:53.342180+00:00", "event": "metrics", "data": {"epoch": 50, "test-loss": 2.30480673828125, "test-acc": 0.1009, "__step_name__": "epoch"}}, {"time": "2020-05-16T01:50:53.462325+00:00", "event": "metrics", "data": {"epoch": 51, "train-loss": 2.278743267059326, "train-acc": 0.16666666666666666, "__step_name__": "epoch"}}, {"time": "2020-05-16T01:50:53.575433+00:00", "event": "metrics", "data": {"epoch": 52, "train-loss": 2.2843244075775146, "train-acc": 0.16666666666666666, "__step_name__": "epoch"}}, {"time": "2020-05-16T01:50:55.298260+00:00", "event": "metrics", "data": {"epoch": 52, "test-loss": 2.30500830078125, "test-acc": 0.1009, "__step_name__": "epoch"}}, {"time": "2020-05-16T01:50:55.468783+00:00", "event": "metrics", "data": {"epoch": 53, "train-loss": 2.2826132774353027, "train-acc": 0.16666666666666666, "__step_name__": "epoch"}}, {"time": "2020-05-16T01:50:55.594782+00:00", "event": "metrics", "data": {"epoch": 54, "train-loss": 2.2536721229553223, "train-acc": 0.16666666666666666, "__step_name__": "epoch"}}, {"time": "2020-05-16T01:50:57.473753+00:00", "event": "metrics", "data": {"epoch": 54, "test-loss": 2.30504296875, "test-acc": 0.1009, "__step_name__": "epoch"}}, {"time": "2020-05-16T01:50:57.591994+00:00", "event": "metrics", "data": {"epoch": 55, "train-loss": 2.2871108055114746, "train-acc": 0.16666666666666666, "__step_name__": "epoch"}}, {"time": "2020-05-16T01:50:57.713136+00:00", "event": "metrics", "data": {"epoch": 56, "train-loss": 2.300750970840454, "train-acc": 0.16666666666666666, "__step_name__": "epoch"}}, {"time": "2020-05-16T01:50:59.445916+00:00", "event": "metrics", "data": {"epoch": 56, "test-loss": 2.3052078125, "test-acc": 0.1009, "__step_name__": "epoch"}}, {"time": "2020-05-16T01:50:59.570127+00:00", "event": "metrics", "data": {"epoch": 57, "train-loss": 2.278132915496826, "train-acc": 0.16666666666666666, "__step_name__": "epoch"}}, {"time": "2020-05-16T01:50:59.693208+00:00", "event": "metrics", "data": {"epoch": 58, "train-loss": 2.2706844806671143, "train-acc": 0.16666666666666666, "__step_name__": "epoch"}}, {"time": "2020-05-16T01:51:01.460976+00:00", "event": "metrics", "data": {"epoch": 58, "test-loss": 2.30501357421875, "test-acc": 0.1009, "__step_name__": "epoch"}}, {"time": "2020-05-16T01:51:01.579581+00:00", "event": "metrics", "data": {"epoch": 59, "train-loss": 2.2668447494506836, "train-acc": 0.16666666666666666, "__step_name__": "epoch"}}, {"time": "2020-05-16T01:51:01.704876+00:00", "event": "metrics", "data": {"epoch": 60, "train-loss": 2.274442434310913, "train-acc": 0.16666666666666666, "__step_name__": "epoch"}}, {"time": "2020-05-16T01:51:03.481924+00:00", "event": "metrics", "data": {"epoch": 60, "test-loss": 2.304856640625, "test-acc": 0.1009, "__step_name__": "epoch"}}, {"time": "2020-05-16T01:51:03.615397+00:00", "event": "metrics", "data": {"epoch": 61, "train-loss": 2.2776448726654053, "train-acc": 0.16666666666666666, "__step_name__": "epoch"}}, {"time": "2020-05-16T01:51:03.735515+00:00", "event": "metrics", "data": {"epoch": 62, "train-loss": 2.2769675254821777, "train-acc": 0.16666666666666666, "__step_name__": "epoch"}}, {"time": "2020-05-16T01:51:05.593992+00:00", "event": "metrics", "data": {"epoch": 62, "test-loss": 2.305003515625, "test-acc": 0.1009, "__step_name__": "epoch"}}, {"time": "2020-05-16T01:51:05.717556+00:00", "event": "metrics", "data": {"epoch": 63, "train-loss": 2.276905059814453, "train-acc": 0.16666666666666666, "__step_name__": "epoch"}}, {"time": "2020-05-16T01:51:05.840964+00:00", "event": "metrics", "data": {"epoch": 64, "train-loss": 2.2695376873016357, "train-acc": 0.16666666666666666, "__step_name__": "epoch"}}, {"time": "2020-05-16T01:51:07.579945+00:00", "event": "metrics", "data": {"epoch": 64, "test-loss": 2.30494521484375, "test-acc": 0.1009, "__step_name__": "epoch"}}, {"time": "2020-05-16T01:51:07.745159+00:00", "event": "metrics", "data": {"epoch": 65, "train-loss": 2.270799160003662, "train-acc": 0.16666666666666666, "__step_name__": "epoch"}}, {"time": "2020-05-16T01:51:07.875321+00:00", "event": "metrics", "data": {"epoch": 66, "train-loss": 2.2885332107543945, "train-acc": 0.16666666666666666, "__step_name__": "epoch"}}, {"time": "2020-05-16T01:51:09.618228+00:00", "event": "metrics", "data": {"epoch": 66, "test-loss": 2.30510498046875, "test-acc": 0.1009, "__step_name__": "epoch"}}, {"time": "2020-05-16T01:51:09.739630+00:00", "event": "metrics", "data": {"epoch": 67, "train-loss": 2.2603182792663574, "train-acc": 0.16666666666666666, "__step_name__": "epoch"}}, {"time": "2020-05-16T01:51:09.857145+00:00", "event": "metrics", "data": {"epoch": 68, "train-loss": 2.2969467639923096, "train-acc": 0.16666666666666666, "__step_name__": "epoch"}}, {"time": "2020-05-16T01:51:11.591112+00:00", "event": "metrics", "data": {"epoch": 68, "test-loss": 2.3052515625, "test-acc": 0.1009, "__step_name__": "epoch"}}, {"time": "2020-05-16T01:51:11.762391+00:00", "event": "metrics", "data": {"epoch": 69, "train-loss": 2.274214506149292, "train-acc": 0.16666666666666666, "__step_name__": "epoch"}}, {"time": "2020-05-16T01:51:11.890781+00:00", "event": "metrics", "data": {"epoch": 70, "train-loss": 2.2841460704803467, "train-acc": 0.16666666666666666, "__step_name__": "epoch"}}, {"time": "2020-05-16T01:51:13.756043+00:00", "event": "metrics", "data": {"epoch": 70, "test-loss": 2.30514365234375, "test-acc": 0.1009, "__step_name__": "epoch"}}, {"time": "2020-05-16T01:51:13.884225+00:00", "event": "metrics", "data": {"epoch": 71, "train-loss": 2.25874662399292, "train-acc": 0.16666666666666666, "__step_name__": "epoch"}}, {"time": "2020-05-16T01:51:14.009231+00:00", "event": "metrics", "data": {"epoch": 72, "train-loss": 2.303568124771118, "train-acc": 0.16666666666666666, "__step_name__": "epoch"}}, {"time": "2020-05-16T01:51:15.748449+00:00", "event": "metrics", "data": {"epoch": 72, "test-loss": 2.30508779296875, "test-acc": 0.1009, "__step_name__": "epoch"}}, {"time": "2020-05-16T01:51:15.926461+00:00", "event": "metrics", "data": {"epoch": 73, "train-loss": 2.285964250564575, "train-acc": 0.16666666666666666, "__step_name__": "epoch"}}, {"time": "2020-05-16T01:51:16.056588+00:00", "event": "metrics", "data": {"epoch": 74, "train-loss": 2.2859978675842285, "train-acc": 0.16666666666666666, "__step_name__": "epoch"}}, {"time": "2020-05-16T01:51:17.830990+00:00", "event": "metrics", "data": {"epoch": 74, "test-loss": 2.305074609375, "test-acc": 0.1009, "__step_name__": "epoch"}}, {"time": "2020-05-16T01:51:17.963142+00:00", "event": "metrics", "data": {"epoch": 75, "train-loss": 2.2649636268615723, "train-acc": 0.16666666666666666, "__step_name__": "epoch"}}, {"time": "2020-05-16T01:51:18.094019+00:00", "event": "metrics", "data": {"epoch": 76, "train-loss": 2.2768983840942383, "train-acc": 0.16666666666666666, "__step_name__": "epoch"}}, {"time": "2020-05-16T01:51:19.852371+00:00", "event": "metrics", "data": {"epoch": 76, "test-loss": 2.30493525390625, "test-acc": 0.1009, "__step_name__": "epoch"}}, {"time": "2020-05-16T01:51:19.987763+00:00", "event": "metrics", "data": {"epoch": 77, "train-loss": 2.2736992835998535, "train-acc": 0.16666666666666666, "__step_name__": "epoch"}}, {"time": "2020-05-16T01:51:20.120913+00:00", "event": "metrics", "data": {"epoch": 78, "train-loss": 2.270927906036377, "train-acc": 0.16666666666666666, "__step_name__": "epoch"}}, {"time": "2020-05-16T01:51:21.993122+00:00", "event": "metrics", "data": {"epoch": 78, "test-loss": 2.30497705078125, "test-acc": 0.1009, "__step_name__": "epoch"}}, {"time": "2020-05-16T01:51:22.131816+00:00", "event": "metrics", "data": {"epoch": 79, "train-loss": 2.3037383556365967, "train-acc": 0.16666666666666666, "__step_name__": "epoch"}}, {"time": "2020-05-16T01:51:22.272223+00:00", "event": "metrics", "data": {"epoch": 80, "train-loss": 2.2876203060150146, "train-acc": 0.16666666666666666, "__step_name__": "epoch"}}, {"time": "2020-05-16T01:51:24.057527+00:00", "event": "metrics", "data": {"epoch": 80, "test-loss": 2.3050689453125, "test-acc": 0.1009, "__step_name__": "epoch"}}, {"time": "2020-05-16T01:51:24.219436+00:00", "event": "metrics", "data": {"epoch": 81, "train-loss": 2.268890380859375, "train-acc": 0.16666666666666666, "__step_name__": "epoch"}}, {"time": "2020-05-16T01:51:24.364073+00:00", "event": "metrics", "data": {"epoch": 82, "train-loss": 2.277369260787964, "train-acc": 0.16666666666666666, "__step_name__": "epoch"}}, {"time": "2020-05-16T01:51:26.096018+00:00", "event": "metrics", "data": {"epoch": 82, "test-loss": 2.30495986328125, "test-acc": 0.1009, "__step_name__": "epoch"}}, {"time": "2020-05-16T01:51:26.226292+00:00", "event": "metrics", "data": {"epoch": 83, "train-loss": 2.2507407665252686, "train-acc": 0.16666666666666666, "__step_name__": "epoch"}}, {"time": "2020-05-16T01:51:26.351273+00:00", "event": "metrics", "data": {"epoch": 84, "train-loss": 2.275087594985962, "train-acc": 0.16666666666666666, "__step_name__": "epoch"}}, {"time": "2020-05-16T01:51:28.199942+00:00", "event": "metrics", "data": {"epoch": 84, "test-loss": 2.3048357421875, "test-acc": 0.1009, "__step_name__": "epoch"}}, {"time": "2020-05-16T01:51:28.343665+00:00", "event": "metrics", "data": {"epoch": 85, "train-loss": 2.2797019481658936, "train-acc": 0.16666666666666666, "__step_name__": "epoch"}}, {"time": "2020-05-16T01:51:28.478184+00:00", "event": "metrics", "data": {"epoch": 86, "train-loss": 2.278716802597046, "train-acc": 0.16666666666666666, "__step_name__": "epoch"}}, {"time": "2020-05-16T01:51:30.224088+00:00", "event": "metrics", "data": {"epoch": 86, "test-loss": 2.30505888671875, "test-acc": 0.1009, "__step_name__": "epoch"}}, {"time": "2020-05-16T01:51:30.371352+00:00", "event": "metrics", "data": {"epoch": 87, "train-loss": 2.2684788703918457, "train-acc": 0.16666666666666666, "__step_name__": "epoch"}}, {"time": "2020-05-16T01:51:30.500831+00:00", "event": "metrics", "data": {"epoch": 88, "train-loss": 2.2795016765594482, "train-acc": 0.16666666666666666, "__step_name__": "epoch"}}, {"time": "2020-05-16T01:51:32.247068+00:00", "event": "metrics", "data": {"epoch": 88, "test-loss": 2.30501796875, "test-acc": 0.1009, "__step_name__": "epoch"}}, {"time": "2020-05-16T01:51:32.382782+00:00", "event": "metrics", "data": {"epoch": 89, "train-loss": 2.2756850719451904, "train-acc": 0.16666666666666666, "__step_name__": "epoch"}}, {"time": "2020-05-16T01:51:32.514842+00:00", "event": "metrics", "data": {"epoch": 90, "train-loss": 2.261592388153076, "train-acc": 0.16666666666666666, "__step_name__": "epoch"}}, {"time": "2020-05-16T01:51:34.290842+00:00", "event": "metrics", "data": {"epoch": 90, "test-loss": 2.3049236328125, "test-acc": 0.1009, "__step_name__": "epoch"}}, {"time": "2020-05-16T01:51:34.450955+00:00", "event": "metrics", "data": {"epoch": 91, "train-loss": 2.277444839477539, "train-acc": 0.16666666666666666, "__step_name__": "epoch"}}, {"time": "2020-05-16T01:51:34.580134+00:00", "event": "metrics", "data": {"epoch": 92, "train-loss": 2.27956223487854, "train-acc": 0.16666666666666666, "__step_name__": "epoch"}}, {"time": "2020-05-16T01:51:36.446497+00:00", "event": "metrics", "data": {"epoch": 92, "test-loss": 2.30501640625, "test-acc": 0.1009, "__step_name__": "epoch"}}, {"time": "2020-05-16T01:51:36.587662+00:00", "event": "metrics", "data": {"epoch": 93, "train-loss": 2.2742648124694824, "train-acc": 0.16666666666666666, "__step_name__": "epoch"}}, {"time": "2020-05-16T01:51:36.727923+00:00", "event": "metrics", "data": {"epoch": 94, "train-loss": 2.2425343990325928, "train-acc": 0.16666666666666666, "__step_name__": "epoch"}}, {"time": "2020-05-16T01:51:38.857593+00:00", "event": "metrics", "data": {"epoch": 94, "test-loss": 2.30496826171875, "test-acc": 0.1009, "__step_name__": "epoch"}}, {"time": "2020-05-16T01:51:38.993913+00:00", "event": "metrics", "data": {"epoch": 95, "train-loss": 2.2830989360809326, "train-acc": 0.16666666666666666, "__step_name__": "epoch"}}, {"time": "2020-05-16T01:51:39.135664+00:00", "event": "metrics", "data": {"epoch": 96, "train-loss": 2.282869338989258, "train-acc": 0.16666666666666666, "__step_name__": "epoch"}}, {"time": "2020-05-16T01:51:40.903976+00:00", "event": "metrics", "data": {"epoch": 96, "test-loss": 2.3049884765625, "test-acc": 0.1009, "__step_name__": "epoch"}}, {"time": "2020-05-16T01:51:41.056857+00:00", "event": "metrics", "data": {"epoch": 97, "train-loss": 2.2933473587036133, "train-acc": 0.16666666666666666, "__step_name__": "epoch"}}, {"time": "2020-05-16T01:51:41.202518+00:00", "event": "metrics", "data": {"epoch": 98, "train-loss": 2.279633045196533, "train-acc": 0.16666666666666666, "__step_name__": "epoch"}}, {"time": "2020-05-16T01:51:42.981629+00:00", "event": "metrics", "data": {"epoch": 98, "test-loss": 2.30500341796875, "test-acc": 0.1009, "__step_name__": "epoch"}}, {"time": "2020-05-16T01:51:43.124685+00:00", "event": "metrics", "data": {"epoch": 99, "train-loss": 2.291672706604004, "train-acc": 0.16666666666666666, "__step_name__": "epoch"}}, {"time": "2020-05-16T01:51:43.258869+00:00", "event": "metrics", "data": {"epoch": 100, "train-loss": 2.2737600803375244, "train-acc": 0.16666666666666666, "__step_name__": "epoch"}}, {"time": "2020-05-16T01:51:45.110296+00:00", "event": "metrics", "data": {"epoch": 100, "test-loss": 2.30516640625, "test-acc": 0.1009, "__step_name__": "epoch"}}, {"time": "2020-05-16T01:51:45.312717+00:00", "event": "metrics", "data": {"epoch": 101, "train-loss": 2.270827531814575, "train-acc": 0.16666666666666666, "__step_name__": "epoch"}}, {"time": "2020-05-16T01:51:45.449577+00:00", "event": "metrics", "data": {"epoch": 102, "train-loss": 2.2660765647888184, "train-acc": 0.16666666666666666, "__step_name__": "epoch"}}, {"time": "2020-05-16T01:51:47.216152+00:00", "event": "metrics", "data": {"epoch": 102, "test-loss": 2.30510400390625, "test-acc": 0.1009, "__step_name__": "epoch"}}, {"time": "2020-05-16T01:51:47.371035+00:00", "event": "metrics", "data": {"epoch": 103, "train-loss": 2.271207094192505, "train-acc": 0.16666666666666666, "__step_name__": "epoch"}}, {"time": "2020-05-16T01:51:47.522803+00:00", "event": "metrics", "data": {"epoch": 104, "train-loss": 2.2700793743133545, "train-acc": 0.16666666666666666, "__step_name__": "epoch"}}, {"time": "2020-05-16T01:51:49.276461+00:00", "event": "metrics", "data": {"epoch": 104, "test-loss": 2.304949609375, "test-acc": 0.1009, "__step_name__": "epoch"}}, {"time": "2020-05-16T01:51:49.440807+00:00", "event": "metrics", "data": {"epoch": 105, "train-loss": 2.2753758430480957, "train-acc": 0.16666666666666666, "__step_name__": "epoch"}}, {"time": "2020-05-16T01:51:49.580023+00:00", "event": "metrics", "data": {"epoch": 106, "train-loss": 2.2640910148620605, "train-acc": 0.16666666666666666, "__step_name__": "epoch"}}, {"time": "2020-05-16T01:51:51.321266+00:00", "event": "metrics", "data": {"epoch": 106, "test-loss": 2.30497861328125, "test-acc": 0.1009, "__step_name__": "epoch"}}, {"time": "2020-05-16T01:51:51.469729+00:00", "event": "metrics", "data": {"epoch": 107, "train-loss": 2.2577199935913086, "train-acc": 0.16666666666666666, "__step_name__": "epoch"}}, {"time": "2020-05-16T01:51:51.608706+00:00", "event": "metrics", "data": {"epoch": 108, "train-loss": 2.240309715270996, "train-acc": 0.16666666666666666, "__step_name__": "epoch"}}, {"time": "2020-05-16T01:51:53.476433+00:00", "event": "metrics", "data": {"epoch": 108, "test-loss": 2.30482021484375, "test-acc": 0.1009, "__step_name__": "epoch"}}, {"time": "2020-05-16T01:51:53.628480+00:00", "event": "metrics", "data": {"epoch": 109, "train-loss": 2.287623167037964, "train-acc": 0.16666666666666666, "__step_name__": "epoch"}}, {"time": "2020-05-16T01:51:53.776753+00:00", "event": "metrics", "data": {"epoch": 110, "train-loss": 2.3205182552337646, "train-acc": 0.16666666666666666, "__step_name__": "epoch"}}, {"time": "2020-05-16T01:51:55.578197+00:00", "event": "metrics", "data": {"epoch": 110, "test-loss": 2.30515986328125, "test-acc": 0.1009, "__step_name__": "epoch"}}, {"time": "2020-05-16T01:51:55.735825+00:00", "event": "metrics", "data": {"epoch": 111, "train-loss": 2.2664380073547363, "train-acc": 0.16666666666666666, "__step_name__": "epoch"}}, {"time": "2020-05-16T01:51:55.892486+00:00", "event": "metrics", "data": {"epoch": 112, "train-loss": 2.277984619140625, "train-acc": 0.16666666666666666, "__step_name__": "epoch"}}, {"time": "2020-05-16T01:51:57.644040+00:00", "event": "metrics", "data": {"epoch": 112, "test-loss": 2.305127734375, "test-acc": 0.1009, "__step_name__": "epoch"}}, {"time": "2020-05-16T01:51:57.797807+00:00", "event": "metrics", "data": {"epoch": 113, "train-loss": 2.2493271827697754, "train-acc": 0.16666666666666666, "__step_name__": "epoch"}}, {"time": "2020-05-16T01:51:57.982134+00:00", "event": "metrics", "data": {"epoch": 114, "train-loss": 2.268911838531494, "train-acc": 0.16666666666666666, "__step_name__": "epoch"}}, {"time": "2020-05-16T01:51:59.755030+00:00", "event": "metrics", "data": {"epoch": 114, "test-loss": 2.3049263671875, "test-acc": 0.1009, "__step_name__": "epoch"}}, {"time": "2020-05-16T01:51:59.920729+00:00", "event": "metrics", "data": {"epoch": 115, "train-loss": 2.2750797271728516, "train-acc": 0.16666666666666666, "__step_name__": "epoch"}}, {"time": "2020-05-16T01:52:00.072547+00:00", "event": "metrics", "data": {"epoch": 116, "train-loss": 2.293208599090576, "train-acc": 0.16666666666666666, "__step_name__": "epoch"}}, {"time": "2020-05-16T01:52:01.929395+00:00", "event": "metrics", "data": {"epoch": 116, "test-loss": 2.30505458984375, "test-acc": 0.1009, "__step_name__": "epoch"}}, {"time": "2020-05-16T01:52:02.092011+00:00", "event": "metrics", "data": {"epoch": 117, "train-loss": 2.260058641433716, "train-acc": 0.16666666666666666, "__step_name__": "epoch"}}, {"time": "2020-05-16T01:52:02.252256+00:00", "event": "metrics", "data": {"epoch": 118, "train-loss": 2.2753307819366455, "train-acc": 0.16666666666666666, "__step_name__": "epoch"}}, {"time": "2020-05-16T01:52:04.015001+00:00", "event": "metrics", "data": {"epoch": 118, "test-loss": 2.30516171875, "test-acc": 0.1009, "__step_name__": "epoch"}}, {"time": "2020-05-16T01:52:04.171505+00:00", "event": "metrics", "data": {"epoch": 119, "train-loss": 2.2707815170288086, "train-acc": 0.16666666666666666, "__step_name__": "epoch"}}, {"time": "2020-05-16T01:52:04.312072+00:00", "event": "metrics", "data": {"epoch": 120, "train-loss": 2.28486967086792, "train-acc": 0.16666666666666666, "__step_name__": "epoch"}}, {"time": "2020-05-16T01:52:06.076375+00:00", "event": "metrics", "data": {"epoch": 120, "test-loss": 2.3050244140625, "test-acc": 0.1009, "__step_name__": "epoch"}}, {"time": "2020-05-16T01:52:06.223793+00:00", "event": "metrics", "data": {"epoch": 121, "train-loss": 2.2746310234069824, "train-acc": 0.16666666666666666, "__step_name__": "epoch"}}, {"time": "2020-05-16T01:52:06.371703+00:00", "event": "metrics", "data": {"epoch": 122, "train-loss": 2.2600085735321045, "train-acc": 0.16666666666666666, "__step_name__": "epoch"}}, {"time": "2020-05-16T01:52:08.262604+00:00", "event": "metrics", "data": {"epoch": 122, "test-loss": 2.304783203125, "test-acc": 0.1009, "__step_name__": "epoch"}}, {"time": "2020-05-16T01:52:08.421070+00:00", "event": "metrics", "data": {"epoch": 123, "train-loss": 2.2656445503234863, "train-acc": 0.16666666666666666, "__step_name__": "epoch"}}, {"time": "2020-05-16T01:52:08.579650+00:00", "event": "metrics", "data": {"epoch": 124, "train-loss": 2.2792696952819824, "train-acc": 0.16666666666666666, "__step_name__": "epoch"}}, {"time": "2020-05-16T01:52:10.357896+00:00", "event": "metrics", "data": {"epoch": 124, "test-loss": 2.3048498046875, "test-acc": 0.1009, "__step_name__": "epoch"}}, {"time": "2020-05-16T01:52:10.531206+00:00", "event": "metrics", "data": {"epoch": 125, "train-loss": 2.273930549621582, "train-acc": 0.16666666666666666, "__step_name__": "epoch"}}, {"time": "2020-05-16T01:52:10.688913+00:00", "event": "metrics", "data": {"epoch": 126, "train-loss": 2.2672829627990723, "train-acc": 0.16666666666666666, "__step_name__": "epoch"}}, {"time": "2020-05-16T01:52:12.449523+00:00", "event": "metrics", "data": {"epoch": 126, "test-loss": 2.3048919921875, "test-acc": 0.1009, "__step_name__": "epoch"}}, {"time": "2020-05-16T01:52:12.599562+00:00", "event": "metrics", "data": {"epoch": 127, "train-loss": 2.27817964553833, "train-acc": 0.16666666666666666, "__step_name__": "epoch"}}, {"time": "2020-05-16T01:52:12.751084+00:00", "event": "metrics", "data": {"epoch": 128, "train-loss": 2.2806458473205566, "train-acc": 0.16666666666666666, "__step_name__": "epoch"}}, {"time": "2020-05-16T01:52:14.538788+00:00", "event": "metrics", "data": {"epoch": 128, "test-loss": 2.3050970703125, "test-acc": 0.1009, "__step_name__": "epoch"}}, {"time": "2020-05-16T01:52:14.691387+00:00", "event": "metrics", "data": {"epoch": 129, "train-loss": 2.2967119216918945, "train-acc": 0.16666666666666666, "__step_name__": "epoch"}}, {"time": "2020-05-16T01:52:14.848337+00:00", "event": "metrics", "data": {"epoch": 130, "train-loss": 2.2822585105895996, "train-acc": 0.16666666666666666, "__step_name__": "epoch"}}, {"time": "2020-05-16T01:52:16.727515+00:00", "event": "metrics", "data": {"epoch": 130, "test-loss": 2.30530537109375, "test-acc": 0.1009, "__step_name__": "epoch"}}, {"time": "2020-05-16T01:52:16.890084+00:00", "event": "metrics", "data": {"epoch": 131, "train-loss": 2.2773633003234863, "train-acc": 0.16666666666666666, "__step_name__": "epoch"}}, {"time": "2020-05-16T01:52:17.044949+00:00", "event": "metrics", "data": {"epoch": 132, "train-loss": 2.271331548690796, "train-acc": 0.16666666666666666, "__step_name__": "epoch"}}, {"time": "2020-05-16T01:52:18.872468+00:00", "event": "metrics", "data": {"epoch": 132, "test-loss": 2.3051267578125, "test-acc": 0.1009, "__step_name__": "epoch"}}, {"time": "2020-05-16T01:52:19.025277+00:00", "event": "metrics", "data": {"epoch": 133, "train-loss": 2.2625033855438232, "train-acc": 0.16666666666666666, "__step_name__": "epoch"}}, {"time": "2020-05-16T01:52:19.191789+00:00", "event": "metrics", "data": {"epoch": 134, "train-loss": 2.2702043056488037, "train-acc": 0.16666666666666666, "__step_name__": "epoch"}}, {"time": "2020-05-16T01:52:21.009127+00:00", "event": "metrics", "data": {"epoch": 134, "test-loss": 2.30483974609375, "test-acc": 0.1009, "__step_name__": "epoch"}}, {"time": "2020-05-16T01:52:21.166541+00:00", "event": "metrics", "data": {"epoch": 135, "train-loss": 2.2837891578674316, "train-acc": 0.16666666666666666, "__step_name__": "epoch"}}, {"time": "2020-05-16T01:52:21.339867+00:00", "event": "metrics", "data": {"epoch": 136, "train-loss": 2.2643990516662598, "train-acc": 0.16666666666666666, "__step_name__": "epoch"}}, {"time": "2020-05-16T01:52:23.139138+00:00", "event": "metrics", "data": {"epoch": 136, "test-loss": 2.30482197265625, "test-acc": 0.1009, "__step_name__": "epoch"}}, {"time": "2020-05-16T01:52:23.312949+00:00", "event": "metrics", "data": {"epoch": 137, "train-loss": 2.272974967956543, "train-acc": 0.16666666666666666, "__step_name__": "epoch"}}, {"time": "2020-05-16T01:52:23.478783+00:00", "event": "metrics", "data": {"epoch": 138, "train-loss": 2.2565510272979736, "train-acc": 0.16666666666666666, "__step_name__": "epoch"}}, {"time": "2020-05-16T01:52:25.369426+00:00", "event": "metrics", "data": {"epoch": 138, "test-loss": 2.30499013671875, "test-acc": 0.1009, "__step_name__": "epoch"}}, {"time": "2020-05-16T01:52:25.542233+00:00", "event": "metrics", "data": {"epoch": 139, "train-loss": 2.2885193824768066, "train-acc": 0.16666666666666666, "__step_name__": "epoch"}}, {"time": "2020-05-16T01:52:25.776945+00:00", "event": "metrics", "data": {"epoch": 140, "train-loss": 2.288557291030884, "train-acc": 0.16666666666666666, "__step_name__": "epoch"}}, {"time": "2020-05-16T01:52:27.557090+00:00", "event": "metrics", "data": {"epoch": 140, "test-loss": 2.305144921875, "test-acc": 0.1009, "__step_name__": "epoch"}}, {"time": "2020-05-16T01:52:27.725974+00:00", "event": "metrics", "data": {"epoch": 141, "train-loss": 2.295212745666504, "train-acc": 0.16666666666666666, "__step_name__": "epoch"}}, {"time": "2020-05-16T01:52:27.881839+00:00", "event": "metrics", "data": {"epoch": 142, "train-loss": 2.2754154205322266, "train-acc": 0.16666666666666666, "__step_name__": "epoch"}}, {"time": "2020-05-16T01:52:29.682680+00:00", "event": "metrics", "data": {"epoch": 142, "test-loss": 2.30514931640625, "test-acc": 0.1009, "__step_name__": "epoch"}}, {"time": "2020-05-16T01:52:29.850913+00:00", "event": "metrics", "data": {"epoch": 143, "train-loss": 2.307542085647583, "train-acc": 0.16666666666666666, "__step_name__": "epoch"}}, {"time": "2020-05-16T01:52:30.025926+00:00", "event": "metrics", "data": {"epoch": 144, "train-loss": 2.2590384483337402, "train-acc": 0.16666666666666666, "__step_name__": "epoch"}}, {"time": "2020-05-16T01:52:31.947134+00:00", "event": "metrics", "data": {"epoch": 144, "test-loss": 2.305008203125, "test-acc": 0.1009, "__step_name__": "epoch"}}, {"time": "2020-05-16T01:52:32.127698+00:00", "event": "metrics", "data": {"epoch": 145, "train-loss": 2.2800583839416504, "train-acc": 0.16666666666666666, "__step_name__": "epoch"}}, {"time": "2020-05-16T01:52:32.297705+00:00", "event": "metrics", "data": {"epoch": 146, "train-loss": 2.2734146118164062, "train-acc": 0.16666666666666666, "__step_name__": "epoch"}}, {"time": "2020-05-16T01:52:34.066363+00:00", "event": "metrics", "data": {"epoch": 146, "test-loss": 2.3048365234375, "test-acc": 0.1009, "__step_name__": "epoch"}}, {"time": "2020-05-16T01:52:34.248074+00:00", "event": "metrics", "data": {"epoch": 147, "train-loss": 2.284169912338257, "train-acc": 0.16666666666666666, "__step_name__": "epoch"}}, {"time": "2020-05-16T01:52:34.419784+00:00", "event": "metrics", "data": {"epoch": 148, "train-loss": 2.276276111602783, "train-acc": 0.16666666666666666, "__step_name__": "epoch"}}, {"time": "2020-05-16T01:52:36.251577+00:00", "event": "metrics", "data": {"epoch": 148, "test-loss": 2.3048078125, "test-acc": 0.1009, "__step_name__": "epoch"}}, {"time": "2020-05-16T01:52:36.435074+00:00", "event": "metrics", "data": {"epoch": 149, "train-loss": 2.2800190448760986, "train-acc": 0.16666666666666666, "__step_name__": "epoch"}}, {"time": "2020-05-16T01:52:36.604967+00:00", "event": "metrics", "data": {"epoch": 150, "train-loss": 2.2766613960266113, "train-acc": 0.16666666666666666, "__step_name__": "epoch"}}, {"time": "2020-05-16T01:52:38.380966+00:00", "event": "metrics", "data": {"epoch": 150, "test-loss": 2.30481982421875, "test-acc": 0.1009, "__step_name__": "epoch"}}, {"time": "2020-05-16T01:52:38.564023+00:00", "event": "metrics", "data": {"epoch": 151, "train-loss": 2.264822006225586, "train-acc": 0.16666666666666666, "__step_name__": "epoch"}}, {"time": "2020-05-16T01:52:38.752244+00:00", "event": "metrics", "data": {"epoch": 152, "train-loss": 2.265747308731079, "train-acc": 0.16666666666666666, "__step_name__": "epoch"}}, {"time": "2020-05-16T01:52:40.625911+00:00", "event": "metrics", "data": {"epoch": 152, "test-loss": 2.3050470703125, "test-acc": 0.1009, "__step_name__": "epoch"}}, {"time": "2020-05-16T01:52:40.809729+00:00", "event": "metrics", "data": {"epoch": 153, "train-loss": 2.2731239795684814, "train-acc": 0.16666666666666666, "__step_name__": "epoch"}}, {"time": "2020-05-16T01:52:40.991875+00:00", "event": "metrics", "data": {"epoch": 154, "train-loss": 2.2788188457489014, "train-acc": 0.16666666666666666, "__step_name__": "epoch"}}, {"time": "2020-05-16T01:52:42.831912+00:00", "event": "metrics", "data": {"epoch": 154, "test-loss": 2.30520390625, "test-acc": 0.1009, "__step_name__": "epoch"}}, {"time": "2020-05-16T01:52:43.032979+00:00", "event": "metrics", "data": {"epoch": 155, "train-loss": 2.261047601699829, "train-acc": 0.16666666666666666, "__step_name__": "epoch"}}, {"time": "2020-05-16T01:52:43.246754+00:00", "event": "metrics", "data": {"epoch": 156, "train-loss": 2.2656190395355225, "train-acc": 0.16666666666666666, "__step_name__": "epoch"}}, {"time": "2020-05-16T01:52:45.033302+00:00", "event": "metrics", "data": {"epoch": 156, "test-loss": 2.30506064453125, "test-acc": 0.1009, "__step_name__": "epoch"}}, {"time": "2020-05-16T01:52:45.214100+00:00", "event": "metrics", "data": {"epoch": 157, "train-loss": 2.285419225692749, "train-acc": 0.16666666666666666, "__step_name__": "epoch"}}, {"time": "2020-05-16T01:52:45.377937+00:00", "event": "metrics", "data": {"epoch": 158, "train-loss": 2.263937473297119, "train-acc": 0.16666666666666666, "__step_name__": "epoch"}}, {"time": "2020-05-16T01:52:47.197772+00:00", "event": "metrics", "data": {"epoch": 158, "test-loss": 2.3049150390625, "test-acc": 0.1009, "__step_name__": "epoch"}}, {"time": "2020-05-16T01:52:47.430658+00:00", "event": "metrics", "data": {"epoch": 159, "train-loss": 2.263551712036133, "train-acc": 0.16666666666666666, "__step_name__": "epoch"}}, {"time": "2020-05-16T01:52:47.604659+00:00", "event": "metrics", "data": {"epoch": 160, "train-loss": 2.274224042892456, "train-acc": 0.16666666666666666, "__step_name__": "epoch"}}, {"time": "2020-05-16T01:52:49.460293+00:00", "event": "metrics", "data": {"epoch": 160, "test-loss": 2.30492392578125, "test-acc": 0.1009, "__step_name__": "epoch"}}, {"time": "2020-05-16T01:52:49.629584+00:00", "event": "metrics", "data": {"epoch": 161, "train-loss": 2.2661890983581543, "train-acc": 0.16666666666666666, "__step_name__": "epoch"}}, {"time": "2020-05-16T01:52:49.796595+00:00", "event": "metrics", "data": {"epoch": 162, "train-loss": 2.271375894546509, "train-acc": 0.16666666666666666, "__step_name__": "epoch"}}, {"time": "2020-05-16T01:52:51.647264+00:00", "event": "metrics", "data": {"epoch": 162, "test-loss": 2.30489775390625, "test-acc": 0.1009, "__step_name__": "epoch"}}, {"time": "2020-05-16T01:52:51.838519+00:00", "event": "metrics", "data": {"epoch": 163, "train-loss": 2.2881906032562256, "train-acc": 0.16666666666666666, "__step_name__": "epoch"}}, {"time": "2020-05-16T01:52:52.008165+00:00", "event": "metrics", "data": {"epoch": 164, "train-loss": 2.2736258506774902, "train-acc": 0.16666666666666666, "__step_name__": "epoch"}}, {"time": "2020-05-16T01:52:53.836456+00:00", "event": "metrics", "data": {"epoch": 164, "test-loss": 2.3049880859375, "test-acc": 0.1009, "__step_name__": "epoch"}}, {"time": "2020-05-16T01:52:54.033154+00:00", "event": "metrics", "data": {"epoch": 165, "train-loss": 2.2597975730895996, "train-acc": 0.16666666666666666, "__step_name__": "epoch"}}, {"time": "2020-05-16T01:52:54.219203+00:00", "event": "metrics", "data": {"epoch": 166, "train-loss": 2.275155782699585, "train-acc": 0.16666666666666666, "__step_name__": "epoch"}}, {"time": "2020-05-16T01:52:56.009276+00:00", "event": "metrics", "data": {"epoch": 166, "test-loss": 2.3047986328125, "test-acc": 0.1009, "__step_name__": "epoch"}}, {"time": "2020-05-16T01:52:56.196043+00:00", "event": "metrics", "data": {"epoch": 167, "train-loss": 2.2891592979431152, "train-acc": 0.16666666666666666, "__step_name__": "epoch"}}, {"time": "2020-05-16T01:52:56.368529+00:00", "event": "metrics", "data": {"epoch": 168, "train-loss": 2.2586684226989746, "train-acc": 0.16666666666666666, "__step_name__": "epoch"}}, {"time": "2020-05-16T01:52:58.284230+00:00", "event": "metrics", "data": {"epoch": 168, "test-loss": 2.30499921875, "test-acc": 0.1009, "__step_name__": "epoch"}}, {"time": "2020-05-16T01:52:58.466981+00:00", "event": "metrics", "data": {"epoch": 169, "train-loss": 2.2679619789123535, "train-acc": 0.16666666666666666, "__step_name__": "epoch"}}, {"time": "2020-05-16T01:52:58.649131+00:00", "event": "metrics", "data": {"epoch": 170, "train-loss": 2.2889769077301025, "train-acc": 0.16666666666666666, "__step_name__": "epoch"}}, {"time": "2020-05-16T01:53:00.438367+00:00", "event": "metrics", "data": {"epoch": 170, "test-loss": 2.30519716796875, "test-acc": 0.1009, "__step_name__": "epoch"}}, {"time": "2020-05-16T01:53:00.639560+00:00", "event": "metrics", "data": {"epoch": 171, "train-loss": 2.2908687591552734, "train-acc": 0.16666666666666666, "__step_name__": "epoch"}}, {"time": "2020-05-16T01:53:00.840718+00:00", "event": "metrics", "data": {"epoch": 172, "train-loss": 2.290051221847534, "train-acc": 0.16666666666666666, "__step_name__": "epoch"}}, {"time": "2020-05-16T01:53:02.695367+00:00", "event": "metrics", "data": {"epoch": 172, "test-loss": 2.30521328125, "test-acc": 0.1009, "__step_name__": "epoch"}}, {"time": "2020-05-16T01:53:02.886584+00:00", "event": "metrics", "data": {"epoch": 173, "train-loss": 2.278057098388672, "train-acc": 0.16666666666666666, "__step_name__": "epoch"}}, {"time": "2020-05-16T01:53:03.089789+00:00", "event": "metrics", "data": {"epoch": 174, "train-loss": 2.256887197494507, "train-acc": 0.16666666666666666, "__step_name__": "epoch"}}, {"time": "2020-05-16T01:53:04.986430+00:00", "event": "metrics", "data": {"epoch": 174, "test-loss": 2.3049412109375, "test-acc": 0.1009, "__step_name__": "epoch"}}, {"time": "2020-05-16T01:53:05.185792+00:00", "event": "metrics", "data": {"epoch": 175, "train-loss": 2.3004796504974365, "train-acc": 0.16666666666666666, "__step_name__": "epoch"}}, {"time": "2020-05-16T01:53:05.376673+00:00", "event": "metrics", "data": {"epoch": 176, "train-loss": 2.273223876953125, "train-acc": 0.16666666666666666, "__step_name__": "epoch"}}, {"time": "2020-05-16T01:53:07.231812+00:00", "event": "metrics", "data": {"epoch": 176, "test-loss": 2.30493857421875, "test-acc": 0.1009, "__step_name__": "epoch"}}, {"time": "2020-05-16T01:53:07.451447+00:00", "event": "metrics", "data": {"epoch": 177, "train-loss": 2.2461659908294678, "train-acc": 0.16666666666666666, "__step_name__": "epoch"}}, {"time": "2020-05-16T01:53:07.628606+00:00", "event": "metrics", "data": {"epoch": 178, "train-loss": 2.2750117778778076, "train-acc": 0.16666666666666666, "__step_name__": "epoch"}}, {"time": "2020-05-16T01:53:09.430646+00:00", "event": "metrics", "data": {"epoch": 178, "test-loss": 2.304844140625, "test-acc": 0.1009, "__step_name__": "epoch"}}, {"time": "2020-05-16T01:53:09.620595+00:00", "event": "metrics", "data": {"epoch": 179, "train-loss": 2.2566654682159424, "train-acc": 0.16666666666666666, "__step_name__": "epoch"}}, {"time": "2020-05-16T01:53:09.816611+00:00", "event": "metrics", "data": {"epoch": 180, "train-loss": 2.2854557037353516, "train-acc": 0.16666666666666666, "__step_name__": "epoch"}}, {"time": "2020-05-16T01:53:11.624927+00:00", "event": "metrics", "data": {"epoch": 180, "test-loss": 2.305004296875, "test-acc": 0.1009, "__step_name__": "epoch"}}, {"time": "2020-05-16T01:53:11.811019+00:00", "event": "metrics", "data": {"epoch": 181, "train-loss": 2.273145914077759, "train-acc": 0.16666666666666666, "__step_name__": "epoch"}}, {"time": "2020-05-16T01:53:12.007326+00:00", "event": "metrics", "data": {"epoch": 182, "train-loss": 2.256873846054077, "train-acc": 0.16666666666666666, "__step_name__": "epoch"}}, {"time": "2020-05-16T01:53:13.929041+00:00", "event": "metrics", "data": {"epoch": 182, "test-loss": 2.3050296875, "test-acc": 0.1009, "__step_name__": "epoch"}}, {"time": "2020-05-16T01:53:14.124355+00:00", "event": "metrics", "data": {"epoch": 183, "train-loss": 2.2637062072753906, "train-acc": 0.16666666666666666, "__step_name__": "epoch"}}, {"time": "2020-05-16T01:53:14.353739+00:00", "event": "metrics", "data": {"epoch": 184, "train-loss": 2.260845422744751, "train-acc": 0.16666666666666666, "__step_name__": "epoch"}}, {"time": "2020-05-16T01:53:16.191592+00:00", "event": "metrics", "data": {"epoch": 184, "test-loss": 2.30499775390625, "test-acc": 0.1009, "__step_name__": "epoch"}}, {"time": "2020-05-16T01:53:16.398697+00:00", "event": "metrics", "data": {"epoch": 185, "train-loss": 2.2719483375549316, "train-acc": 0.16666666666666666, "__step_name__": "epoch"}}, {"time": "2020-05-16T01:53:16.576093+00:00", "event": "metrics", "data": {"epoch": 186, "train-loss": 2.270960569381714, "train-acc": 0.16666666666666666, "__step_name__": "epoch"}}, {"time": "2020-05-16T01:53:18.462096+00:00", "event": "metrics", "data": {"epoch": 186, "test-loss": 2.30492197265625, "test-acc": 0.1009, "__step_name__": "epoch"}}, {"time": "2020-05-16T01:53:18.673232+00:00", "event": "metrics", "data": {"epoch": 187, "train-loss": 2.264758825302124, "train-acc": 0.16666666666666666, "__step_name__": "epoch"}}, {"time": "2020-05-16T01:53:18.876476+00:00", "event": "metrics", "data": {"epoch": 188, "train-loss": 2.2835288047790527, "train-acc": 0.16666666666666666, "__step_name__": "epoch"}}, {"time": "2020-05-16T01:53:20.718935+00:00", "event": "metrics", "data": {"epoch": 188, "test-loss": 2.3051171875, "test-acc": 0.1009, "__step_name__": "epoch"}}, {"time": "2020-05-16T01:53:20.974459+00:00", "event": "metrics", "data": {"epoch": 189, "train-loss": 2.3062167167663574, "train-acc": 0.16666666666666666, "__step_name__": "epoch"}}, {"time": "2020-05-16T01:53:21.180659+00:00", "event": "metrics", "data": {"epoch": 190, "train-loss": 2.2482104301452637, "train-acc": 0.16666666666666666, "__step_name__": "epoch"}}, {"time": "2020-05-16T01:53:23.123155+00:00", "event": "metrics", "data": {"epoch": 190, "test-loss": 2.305071875, "test-acc": 0.1009, "__step_name__": "epoch"}}, {"time": "2020-05-16T01:53:23.365043+00:00", "event": "metrics", "data": {"epoch": 191, "train-loss": 2.272258996963501, "train-acc": 0.16666666666666666, "__step_name__": "epoch"}}, {"time": "2020-05-16T01:53:23.568602+00:00", "event": "metrics", "data": {"epoch": 192, "train-loss": 2.267127752304077, "train-acc": 0.16666666666666666, "__step_name__": "epoch"}}, {"time": "2020-05-16T01:53:25.411190+00:00", "event": "metrics", "data": {"epoch": 192, "test-loss": 2.30484521484375, "test-acc": 0.1009, "__step_name__": "epoch"}}, {"time": "2020-05-16T01:53:25.627113+00:00", "event": "metrics", "data": {"epoch": 193, "train-loss": 2.2753472328186035, "train-acc": 0.16666666666666666, "__step_name__": "epoch"}}, {"time": "2020-05-16T01:53:25.832446+00:00", "event": "metrics", "data": {"epoch": 194, "train-loss": 2.258235454559326, "train-acc": 0.16666666666666666, "__step_name__": "epoch"}}, {"time": "2020-05-16T01:53:27.709609+00:00", "event": "metrics", "data": {"epoch": 194, "test-loss": 2.3048322265625, "test-acc": 0.1009, "__step_name__": "epoch"}}, {"time": "2020-05-16T01:53:27.910749+00:00", "event": "metrics", "data": {"epoch": 195, "train-loss": 2.243373394012451, "train-acc": 0.16666666666666666, "__step_name__": "epoch"}}, {"time": "2020-05-16T01:53:28.106251+00:00", "event": "metrics", "data": {"epoch": 196, "train-loss": 2.255311965942383, "train-acc": 0.16666666666666666, "__step_name__": "epoch"}}, {"time": "2020-05-16T01:53:29.918858+00:00", "event": "metrics", "data": {"epoch": 196, "test-loss": 2.30480859375, "test-acc": 0.1009, "__step_name__": "epoch"}}, {"time": "2020-05-16T01:53:30.132846+00:00", "event": "metrics", "data": {"epoch": 197, "train-loss": 2.25937819480896, "train-acc": 0.16666666666666666, "__step_name__": "epoch"}}, {"time": "2020-05-16T01:53:30.344314+00:00", "event": "metrics", "data": {"epoch": 198, "train-loss": 2.2669100761413574, "train-acc": 0.16666666666666666, "__step_name__": "epoch"}}, {"time": "2020-05-16T01:53:32.250496+00:00", "event": "metrics", "data": {"epoch": 198, "test-loss": 2.30509384765625, "test-acc": 0.1009, "__step_name__": "epoch"}}, {"time": "2020-05-16T01:53:32.465808+00:00", "event": "metrics", "data": {"epoch": 199, "train-loss": 2.2759411334991455, "train-acc": 0.16666666666666666, "__step_name__": "epoch"}}, {"time": "2020-05-16T01:53:32.680474+00:00", "event": "metrics", "data": {"epoch": 200, "train-loss": 2.262104034423828, "train-acc": 0.16666666666666666, "__step_name__": "epoch"}}, {"time": "2020-05-16T01:53:34.499759+00:00", "event": "metrics", "data": {"epoch": 200, "test-loss": 2.3052845703125, "test-acc": 0.1009, "__step_name__": "epoch"}}, {"time": "2020-05-16T01:53:49.499073+00:00", "event": "ended", "data": {"status": "completed", "exit_code": 0, "metrics_rollup": {"epoch": 200, "test-loss": 2.3052845703125, "test-acc": 0.1009, "__step_name__": "epoch"}}}, {"time": "2020-05-16T01:53:49.980626+00:00", "event": "capture_after", "data": {"elapsed": 0.04806685447692871, "count": 2}}], "last_time": "2020-05-16T01:53:49.856544+00:00", "start_time": "2020-05-16T01:46:18.161806+00:00", "queue_duration": 0.434249, "hparams": {"seed": 6397, "batch-size": 20, "epochs": 200, "lr": 0.021507142857142857, "momentum": 0.1, "channels1": 16, "channels2": 16, "kernel_size": 5, "mlp-units": 8, "weight-decay": 0.4, "optimizer": "adam", "mid-conv": 0, "gpu": 0, "log-interval": 1}, "metrics": {"epoch": 200, "train-loss": 2.262104034423828, "train-acc": 0.16666666666666666, "__step_name__": "epoch", "test-loss": 2.3052845703125, "test-acc": 0.1009}, "metric_names": ["epoch", "train-loss", "train-acc", "test-loss", "test-acc"], "exit_code": 0, "restarts": 0, "end_time": "2020-05-16T01:53:49.499073+00:00", "end_id": 3, "run_duration": 451.911912}