{"_id": "run3.10", "ws": "xt-demo", "run_name": "run3.10", "run_num": 3000010, "run_guid": "7528a9a6-c2dc-46c1-820c-5806024f4f63", "description": null, "exper_name": "search10", "job_id": "job10608", "node_index": 0, "is_outer": false, "is_parent": false, "is_child": true, "from_ip": "100.64.65.122", "from_computer_name": "agent2", "username": "rfernand", "box_name": "job10608-batch-0", "app_name": null, "repeat": null, "path": "miniMnist.py", "script": "miniMnist.py", "create_time": "2020-05-16T02:49:12.746976+00:00", "compute": "batch", "service_type": "batch", "sku": null, "search_style": null, "search_type": "random", "xt_version": "version: 0.1.1, build: Apr-30-2020", "run_index": 9, "status": "completed", "duration": 0, "log_records": [{"time": "2020-05-16T02:49:12.757027+00:00", "event": "created", "data": {"ws": "xt-demo", "run_name": "run3.10", "run_num": 3000010, "run_guid": "7528a9a6-c2dc-46c1-820c-5806024f4f63", "description": null, "exper_name": "search10", "job_id": "job10608", "node_index": 0, "is_outer": false, "is_parent": false, "is_child": true, "from_ip": "100.64.65.122", "from_computer_name": "agent2", "username": "rfernand", "box_name": "job10608-batch-0", "app_name": null, "repeat": null, "path": "miniMnist.py", "script": "miniMnist.py", "create_time": "2020-05-16T02:49:12.746976+00:00", "compute": "batch", "service_type": "batch", "sku": null, "search_style": null, "search_type": "random", "xt_version": "version: 0.1.1, build: Apr-30-2020", "run_index": 9}}, {"time": "2020-05-16T02:49:12.855113+00:00", "event": "cmd", "data": {"cmd": ["python", "-u", "miniMnist.py", "--epochs=200", "--lr=0.09286428571428572", "--momentum=0.2", "--batch-size=6", "--seed=30224", "--log-interval=1", "--mid-conv=1", "--mlp-units=64", "--channels1=12", "--channels2=16", "--optimizer=adam", "--weight-decay=0.2"], "xt_cmd": "xt run --exper=search10 --runs=10 --target=batch --hp-config=code\\miniSweeps.yaml code\\miniMnist.py"}}, {"time": "2020-05-16T02:49:12.992649+00:00", "event": "download_before", "data": {"source": "job", "count": 2}}, {"time": "2020-05-16T02:49:13.048789+00:00", "event": "download_before", "data": {"source": "parent-run", "count": 0}}, {"time": "2020-05-16T02:49:13.079142+00:00", "event": "download_before", "data": {"source": "run", "count": 0}}, {"time": "2020-05-16T02:49:13.103728+00:00", "event": "started", "data": {}}, {"time": "2020-05-16T02:49:19.430553+00:00", "event": "hparams", "data": {"seed": 30224, "batch-size": 6, "epochs": 200, "lr": 0.09286428571428572, "momentum": 0.2, "channels1": 12, "channels2": 16, "kernel_size": 5, "mlp-units": 64, "weight-decay": 0.2, "optimizer": "adam", "mid-conv": 1, "gpu": 0, "log-interval": 1}}, {"time": "2020-05-16T02:49:19.911304+00:00", "event": "metrics", "data": {"epoch": 1, "train-loss": 3.2956244945526123, "train-acc": 0.16666666666666666, "__step_name__": "epoch"}}, {"time": "2020-05-16T02:49:20.137367+00:00", "event": "metrics", "data": {"epoch": 2, "train-loss": 2.1833150386810303, "train-acc": 0.11666666666666667, "__step_name__": "epoch"}}, {"time": "2020-05-16T02:49:22.066599+00:00", "event": "metrics", "data": {"epoch": 2, "test-loss": 3.2162193359375, "test-acc": 0.1019, "__step_name__": "epoch"}}, {"time": "2020-05-16T02:49:22.285865+00:00", "event": "metrics", "data": {"epoch": 3, "train-loss": 2.4069387912750244, "train-acc": 0.15, "__step_name__": "epoch"}}, {"time": "2020-05-16T02:49:22.488411+00:00", "event": "metrics", "data": {"epoch": 4, "train-loss": 2.2798011302948, "train-acc": 0.18333333333333332, "__step_name__": "epoch"}}, {"time": "2020-05-16T02:49:24.284837+00:00", "event": "metrics", "data": {"epoch": 4, "test-loss": 2.4199494140625, "test-acc": 0.1019, "__step_name__": "epoch"}}, {"time": "2020-05-16T02:49:24.493073+00:00", "event": "metrics", "data": {"epoch": 5, "train-loss": 3.780634641647339, "train-acc": 0.16666666666666666, "__step_name__": "epoch"}}, {"time": "2020-05-16T02:49:24.694588+00:00", "event": "metrics", "data": {"epoch": 6, "train-loss": 2.274169683456421, "train-acc": 0.23333333333333334, "__step_name__": "epoch"}}, {"time": "2020-05-16T02:49:26.446638+00:00", "event": "metrics", "data": {"epoch": 6, "test-loss": 2.3747314453125, "test-acc": 0.1135, "__step_name__": "epoch"}}, {"time": "2020-05-16T02:49:26.681745+00:00", "event": "metrics", "data": {"epoch": 7, "train-loss": 2.269530773162842, "train-acc": 0.16666666666666666, "__step_name__": "epoch"}}, {"time": "2020-05-16T02:49:26.896502+00:00", "event": "metrics", "data": {"epoch": 8, "train-loss": 2.1834301948547363, "train-acc": 0.15, "__step_name__": "epoch"}}, {"time": "2020-05-16T02:49:28.726360+00:00", "event": "metrics", "data": {"epoch": 8, "test-loss": 2.316140234375, "test-acc": 0.1135, "__step_name__": "epoch"}}, {"time": "2020-05-16T02:49:28.938860+00:00", "event": "metrics", "data": {"epoch": 9, "train-loss": 102.5804672241211, "train-acc": 0.16666666666666666, "__step_name__": "epoch"}}, {"time": "2020-05-16T02:49:29.150376+00:00", "event": "metrics", "data": {"epoch": 10, "train-loss": 2.1975841522216797, "train-acc": 0.18333333333333332, "__step_name__": "epoch"}}, {"time": "2020-05-16T02:49:30.998223+00:00", "event": "metrics", "data": {"epoch": 10, "test-loss": 2.3576333984375, "test-acc": 0.1135, "__step_name__": "epoch"}}, {"time": "2020-05-16T02:49:31.210819+00:00", "event": "metrics", "data": {"epoch": 11, "train-loss": 2.2688395977020264, "train-acc": 0.11666666666666667, "__step_name__": "epoch"}}, {"time": "2020-05-16T02:49:31.418526+00:00", "event": "metrics", "data": {"epoch": 12, "train-loss": 2.161438226699829, "train-acc": 0.11666666666666667, "__step_name__": "epoch"}}, {"time": "2020-05-16T02:49:33.234551+00:00", "event": "metrics", "data": {"epoch": 12, "test-loss": 2.34524921875, "test-acc": 0.0931, "__step_name__": "epoch"}}, {"time": "2020-05-16T02:49:33.446753+00:00", "event": "metrics", "data": {"epoch": 13, "train-loss": 2.18703293800354, "train-acc": 0.13333333333333333, "__step_name__": "epoch"}}, {"time": "2020-05-16T02:49:33.658096+00:00", "event": "metrics", "data": {"epoch": 14, "train-loss": 2.307666063308716, "train-acc": 0.23333333333333334, "__step_name__": "epoch"}}, {"time": "2020-05-16T02:49:35.502177+00:00", "event": "metrics", "data": {"epoch": 14, "test-loss": 2.3164251953125, "test-acc": 0.1135, "__step_name__": "epoch"}}, {"time": "2020-05-16T02:49:35.770017+00:00", "event": "metrics", "data": {"epoch": 15, "train-loss": 2.227207899093628, "train-acc": 0.15, "__step_name__": "epoch"}}, {"time": "2020-05-16T02:49:35.990015+00:00", "event": "metrics", "data": {"epoch": 16, "train-loss": 2.312220573425293, "train-acc": 0.08333333333333333, "__step_name__": "epoch"}}, {"time": "2020-05-16T02:49:37.793826+00:00", "event": "metrics", "data": {"epoch": 16, "test-loss": 2.4771880859375, "test-acc": 0.1122, "__step_name__": "epoch"}}, {"time": "2020-05-16T02:49:38.021205+00:00", "event": "metrics", "data": {"epoch": 17, "train-loss": 2.384479284286499, "train-acc": 0.1, "__step_name__": "epoch"}}, {"time": "2020-05-16T02:49:38.194830+00:00", "event": "metrics", "data": {"epoch": 18, "train-loss": 2.1940906047821045, "train-acc": 0.2, "__step_name__": "epoch"}}, {"time": "2020-05-16T02:49:40.036296+00:00", "event": "metrics", "data": {"epoch": 18, "test-loss": 2.32270224609375, "test-acc": 0.1135, "__step_name__": "epoch"}}, {"time": "2020-05-16T02:49:40.260036+00:00", "event": "metrics", "data": {"epoch": 19, "train-loss": 2.4017019271850586, "train-acc": 0.16666666666666666, "__step_name__": "epoch"}}, {"time": "2020-05-16T02:49:40.432279+00:00", "event": "metrics", "data": {"epoch": 20, "train-loss": 2.2736289501190186, "train-acc": 0.16666666666666666, "__step_name__": "epoch"}}, {"time": "2020-05-16T02:49:42.140581+00:00", "event": "metrics", "data": {"epoch": 20, "test-loss": 2.3099037109375, "test-acc": 0.1032, "__step_name__": "epoch"}}, {"time": "2020-05-16T02:49:42.360539+00:00", "event": "metrics", "data": {"epoch": 21, "train-loss": 2.3980133533477783, "train-acc": 0.06666666666666667, "__step_name__": "epoch"}}, {"time": "2020-05-16T02:49:42.527123+00:00", "event": "metrics", "data": {"epoch": 22, "train-loss": 2.3270976543426514, "train-acc": 0.18333333333333332, "__step_name__": "epoch"}}, {"time": "2020-05-16T02:49:44.284057+00:00", "event": "metrics", "data": {"epoch": 22, "test-loss": 2.3112263671875, "test-acc": 0.1135, "__step_name__": "epoch"}}, {"time": "2020-05-16T02:49:44.511261+00:00", "event": "metrics", "data": {"epoch": 23, "train-loss": 2.207712411880493, "train-acc": 0.16666666666666666, "__step_name__": "epoch"}}, {"time": "2020-05-16T02:49:44.632146+00:00", "event": "metrics", "data": {"epoch": 24, "train-loss": 2.1294138431549072, "train-acc": 0.2, "__step_name__": "epoch"}}, {"time": "2020-05-16T02:49:46.391923+00:00", "event": "metrics", "data": {"epoch": 24, "test-loss": 2.31171572265625, "test-acc": 0.1135, "__step_name__": "epoch"}}, {"time": "2020-05-16T02:49:46.587713+00:00", "event": "metrics", "data": {"epoch": 25, "train-loss": 2.2378787994384766, "train-acc": 0.18333333333333332, "__step_name__": "epoch"}}, {"time": "2020-05-16T02:49:46.755514+00:00", "event": "metrics", "data": {"epoch": 26, "train-loss": 2.334294557571411, "train-acc": 0.18333333333333332, "__step_name__": "epoch"}}, {"time": "2020-05-16T02:49:48.634783+00:00", "event": "metrics", "data": {"epoch": 26, "test-loss": 2.3411869140625, "test-acc": 0.1028, "__step_name__": "epoch"}}, {"time": "2020-05-16T02:49:48.809369+00:00", "event": "metrics", "data": {"epoch": 27, "train-loss": 2.301147699356079, "train-acc": 0.18333333333333332, "__step_name__": "epoch"}}, {"time": "2020-05-16T02:49:48.963975+00:00", "event": "metrics", "data": {"epoch": 28, "train-loss": 2.2375359535217285, "train-acc": 0.2, "__step_name__": "epoch"}}, {"time": "2020-05-16T02:49:50.756584+00:00", "event": "metrics", "data": {"epoch": 28, "test-loss": 2.30696923828125, "test-acc": 0.1135, "__step_name__": "epoch"}}, {"time": "2020-05-16T02:49:50.929069+00:00", "event": "metrics", "data": {"epoch": 29, "train-loss": 2.228973150253296, "train-acc": 0.2, "__step_name__": "epoch"}}, {"time": "2020-05-16T02:49:51.054203+00:00", "event": "metrics", "data": {"epoch": 30, "train-loss": 2.2287485599517822, "train-acc": 0.2, "__step_name__": "epoch"}}, {"time": "2020-05-16T02:49:52.829273+00:00", "event": "metrics", "data": {"epoch": 30, "test-loss": 2.31058046875, "test-acc": 0.1135, "__step_name__": "epoch"}}, {"time": "2020-05-16T02:49:53.022458+00:00", "event": "metrics", "data": {"epoch": 31, "train-loss": 2.136794090270996, "train-acc": 0.2, "__step_name__": "epoch"}}, {"time": "2020-05-16T02:49:53.156148+00:00", "event": "metrics", "data": {"epoch": 32, "train-loss": 2.2055578231811523, "train-acc": 0.16666666666666666, "__step_name__": "epoch"}}, {"time": "2020-05-16T02:49:55.007623+00:00", "event": "metrics", "data": {"epoch": 32, "test-loss": 2.311251171875, "test-acc": 0.1135, "__step_name__": "epoch"}}, {"time": "2020-05-16T02:49:55.187805+00:00", "event": "metrics", "data": {"epoch": 33, "train-loss": 2.176231861114502, "train-acc": 0.2, "__step_name__": "epoch"}}, {"time": "2020-05-16T02:49:55.319201+00:00", "event": "metrics", "data": {"epoch": 34, "train-loss": 2.241016387939453, "train-acc": 0.15, "__step_name__": "epoch"}}, {"time": "2020-05-16T02:49:57.089689+00:00", "event": "metrics", "data": {"epoch": 34, "test-loss": 2.310219921875, "test-acc": 0.1135, "__step_name__": "epoch"}}, {"time": "2020-05-16T02:49:57.221179+00:00", "event": "metrics", "data": {"epoch": 35, "train-loss": 2.281407356262207, "train-acc": 0.2, "__step_name__": "epoch"}}, {"time": "2020-05-16T02:49:57.351818+00:00", "event": "metrics", "data": {"epoch": 36, "train-loss": 2.339498281478882, "train-acc": 0.2, "__step_name__": "epoch"}}, {"time": "2020-05-16T02:49:59.129234+00:00", "event": "metrics", "data": {"epoch": 36, "test-loss": 2.31260869140625, "test-acc": 0.1135, "__step_name__": "epoch"}}, {"time": "2020-05-16T02:49:59.265151+00:00", "event": "metrics", "data": {"epoch": 37, "train-loss": 2.2713539600372314, "train-acc": 0.15, "__step_name__": "epoch"}}, {"time": "2020-05-16T02:49:59.415637+00:00", "event": "metrics", "data": {"epoch": 38, "train-loss": 2.1927297115325928, "train-acc": 0.2, "__step_name__": "epoch"}}, {"time": "2020-05-16T02:50:01.191805+00:00", "event": "metrics", "data": {"epoch": 38, "test-loss": 2.3110009765625, "test-acc": 0.1135, "__step_name__": "epoch"}}, {"time": "2020-05-16T02:50:01.323706+00:00", "event": "metrics", "data": {"epoch": 39, "train-loss": 2.2732784748077393, "train-acc": 0.15, "__step_name__": "epoch"}}, {"time": "2020-05-16T02:50:01.454451+00:00", "event": "metrics", "data": {"epoch": 40, "train-loss": 2.241225242614746, "train-acc": 0.2, "__step_name__": "epoch"}}, {"time": "2020-05-16T02:50:03.312899+00:00", "event": "metrics", "data": {"epoch": 40, "test-loss": 2.31344033203125, "test-acc": 0.1135, "__step_name__": "epoch"}}, {"time": "2020-05-16T02:50:03.452791+00:00", "event": "metrics", "data": {"epoch": 41, "train-loss": 2.3793046474456787, "train-acc": 0.2, "__step_name__": "epoch"}}, {"time": "2020-05-16T02:50:03.587887+00:00", "event": "metrics", "data": {"epoch": 42, "train-loss": 2.202294111251831, "train-acc": 0.2, "__step_name__": "epoch"}}, {"time": "2020-05-16T02:50:05.371992+00:00", "event": "metrics", "data": {"epoch": 42, "test-loss": 2.3085376953125, "test-acc": 0.1135, "__step_name__": "epoch"}}, {"time": "2020-05-16T02:50:05.505804+00:00", "event": "metrics", "data": {"epoch": 43, "train-loss": 2.4092369079589844, "train-acc": 0.06666666666666667, "__step_name__": "epoch"}}, {"time": "2020-05-16T02:50:05.639379+00:00", "event": "metrics", "data": {"epoch": 44, "train-loss": 2.2040295600891113, "train-acc": 0.2, "__step_name__": "epoch"}}, {"time": "2020-05-16T02:50:07.395537+00:00", "event": "metrics", "data": {"epoch": 44, "test-loss": 2.31231533203125, "test-acc": 0.1135, "__step_name__": "epoch"}}, {"time": "2020-05-16T02:50:07.531815+00:00", "event": "metrics", "data": {"epoch": 45, "train-loss": 2.1189186573028564, "train-acc": 0.2, "__step_name__": "epoch"}}, {"time": "2020-05-16T02:50:07.670129+00:00", "event": "metrics", "data": {"epoch": 46, "train-loss": 2.2809324264526367, "train-acc": 0.2, "__step_name__": "epoch"}}, {"time": "2020-05-16T02:50:09.462850+00:00", "event": "metrics", "data": {"epoch": 46, "test-loss": 2.31142939453125, "test-acc": 0.1135, "__step_name__": "epoch"}}, {"time": "2020-05-16T02:50:09.605805+00:00", "event": "metrics", "data": {"epoch": 47, "train-loss": 2.2623822689056396, "train-acc": 0.2, "__step_name__": "epoch"}}, {"time": "2020-05-16T02:50:09.747546+00:00", "event": "metrics", "data": {"epoch": 48, "train-loss": 2.2551708221435547, "train-acc": 0.2, "__step_name__": "epoch"}}, {"time": "2020-05-16T02:50:11.601141+00:00", "event": "metrics", "data": {"epoch": 48, "test-loss": 2.31153134765625, "test-acc": 0.1135, "__step_name__": "epoch"}}, {"time": "2020-05-16T02:50:11.746759+00:00", "event": "metrics", "data": {"epoch": 49, "train-loss": 2.244910717010498, "train-acc": 0.2, "__step_name__": "epoch"}}, {"time": "2020-05-16T02:50:11.882900+00:00", "event": "metrics", "data": {"epoch": 50, "train-loss": 2.1707377433776855, "train-acc": 0.2, "__step_name__": "epoch"}}, {"time": "2020-05-16T02:50:13.653751+00:00", "event": "metrics", "data": {"epoch": 50, "test-loss": 2.31076650390625, "test-acc": 0.1135, "__step_name__": "epoch"}}, {"time": "2020-05-16T02:50:13.804171+00:00", "event": "metrics", "data": {"epoch": 51, "train-loss": 2.3621747493743896, "train-acc": 0.08333333333333333, "__step_name__": "epoch"}}, {"time": "2020-05-16T02:50:13.957992+00:00", "event": "metrics", "data": {"epoch": 52, "train-loss": 2.3149118423461914, "train-acc": 0.2, "__step_name__": "epoch"}}, {"time": "2020-05-16T02:50:15.723939+00:00", "event": "metrics", "data": {"epoch": 52, "test-loss": 2.31426279296875, "test-acc": 0.1135, "__step_name__": "epoch"}}, {"time": "2020-05-16T02:50:15.870605+00:00", "event": "metrics", "data": {"epoch": 53, "train-loss": 2.3000433444976807, "train-acc": 0.2, "__step_name__": "epoch"}}, {"time": "2020-05-16T02:50:16.019100+00:00", "event": "metrics", "data": {"epoch": 54, "train-loss": 2.155446767807007, "train-acc": 0.2, "__step_name__": "epoch"}}, {"time": "2020-05-16T02:50:17.896327+00:00", "event": "metrics", "data": {"epoch": 54, "test-loss": 2.3066921875, "test-acc": 0.1135, "__step_name__": "epoch"}}, {"time": "2020-05-16T02:50:18.047898+00:00", "event": "metrics", "data": {"epoch": 55, "train-loss": 2.2502152919769287, "train-acc": 0.2, "__step_name__": "epoch"}}, {"time": "2020-05-16T02:50:18.194040+00:00", "event": "metrics", "data": {"epoch": 56, "train-loss": 2.331827402114868, "train-acc": 0.2, "__step_name__": "epoch"}}, {"time": "2020-05-16T02:50:19.968138+00:00", "event": "metrics", "data": {"epoch": 56, "test-loss": 2.31510849609375, "test-acc": 0.1135, "__step_name__": "epoch"}}, {"time": "2020-05-16T02:50:20.123266+00:00", "event": "metrics", "data": {"epoch": 57, "train-loss": 2.2493484020233154, "train-acc": 0.1, "__step_name__": "epoch"}}, {"time": "2020-05-16T02:50:20.285089+00:00", "event": "metrics", "data": {"epoch": 58, "train-loss": 2.2515437602996826, "train-acc": 0.16666666666666666, "__step_name__": "epoch"}}, {"time": "2020-05-16T02:50:22.077704+00:00", "event": "metrics", "data": {"epoch": 58, "test-loss": 2.30978837890625, "test-acc": 0.1135, "__step_name__": "epoch"}}, {"time": "2020-05-16T02:50:22.223126+00:00", "event": "metrics", "data": {"epoch": 59, "train-loss": 2.157651662826538, "train-acc": 0.2, "__step_name__": "epoch"}}, {"time": "2020-05-16T02:50:22.376067+00:00", "event": "metrics", "data": {"epoch": 60, "train-loss": 2.317450761795044, "train-acc": 0.2, "__step_name__": "epoch"}}, {"time": "2020-05-16T02:50:24.154750+00:00", "event": "metrics", "data": {"epoch": 60, "test-loss": 2.314008984375, "test-acc": 0.1135, "__step_name__": "epoch"}}, {"time": "2020-05-16T02:50:24.297613+00:00", "event": "metrics", "data": {"epoch": 61, "train-loss": 2.408440589904785, "train-acc": 0.2, "__step_name__": "epoch"}}, {"time": "2020-05-16T02:50:24.443106+00:00", "event": "metrics", "data": {"epoch": 62, "train-loss": 2.2499821186065674, "train-acc": 0.2, "__step_name__": "epoch"}}, {"time": "2020-05-16T02:50:26.297135+00:00", "event": "metrics", "data": {"epoch": 62, "test-loss": 2.31098681640625, "test-acc": 0.1135, "__step_name__": "epoch"}}, {"time": "2020-05-16T02:50:26.444623+00:00", "event": "metrics", "data": {"epoch": 63, "train-loss": 2.148266077041626, "train-acc": 0.2, "__step_name__": "epoch"}}, {"time": "2020-05-16T02:50:26.611300+00:00", "event": "metrics", "data": {"epoch": 64, "train-loss": 2.271026849746704, "train-acc": 0.2, "__step_name__": "epoch"}}, {"time": "2020-05-16T02:50:28.388866+00:00", "event": "metrics", "data": {"epoch": 64, "test-loss": 2.31133271484375, "test-acc": 0.1135, "__step_name__": "epoch"}}, {"time": "2020-05-16T02:50:28.536698+00:00", "event": "metrics", "data": {"epoch": 65, "train-loss": 2.300226926803589, "train-acc": 0.2, "__step_name__": "epoch"}}, {"time": "2020-05-16T02:50:28.721319+00:00", "event": "metrics", "data": {"epoch": 66, "train-loss": 2.178494930267334, "train-acc": 0.2, "__step_name__": "epoch"}}, {"time": "2020-05-16T02:50:30.517119+00:00", "event": "metrics", "data": {"epoch": 66, "test-loss": 2.31131044921875, "test-acc": 0.1135, "__step_name__": "epoch"}}, {"time": "2020-05-16T02:50:30.676618+00:00", "event": "metrics", "data": {"epoch": 67, "train-loss": 2.2740859985351562, "train-acc": 0.2, "__step_name__": "epoch"}}, {"time": "2020-05-16T02:50:30.829179+00:00", "event": "metrics", "data": {"epoch": 68, "train-loss": 2.2987594604492188, "train-acc": 0.2, "__step_name__": "epoch"}}, {"time": "2020-05-16T02:50:32.609402+00:00", "event": "metrics", "data": {"epoch": 68, "test-loss": 2.31231904296875, "test-acc": 0.1135, "__step_name__": "epoch"}}, {"time": "2020-05-16T02:50:32.771851+00:00", "event": "metrics", "data": {"epoch": 69, "train-loss": 2.1769931316375732, "train-acc": 0.16666666666666666, "__step_name__": "epoch"}}, {"time": "2020-05-16T02:50:32.917740+00:00", "event": "metrics", "data": {"epoch": 70, "train-loss": 2.4582574367523193, "train-acc": 0.15, "__step_name__": "epoch"}}, {"time": "2020-05-16T02:50:34.786972+00:00", "event": "metrics", "data": {"epoch": 70, "test-loss": 2.31658056640625, "test-acc": 0.1135, "__step_name__": "epoch"}}, {"time": "2020-05-16T02:50:34.940675+00:00", "event": "metrics", "data": {"epoch": 71, "train-loss": 2.2774009704589844, "train-acc": 0.11666666666666667, "__step_name__": "epoch"}}, {"time": "2020-05-16T02:50:35.082089+00:00", "event": "metrics", "data": {"epoch": 72, "train-loss": 2.2548134326934814, "train-acc": 0.2, "__step_name__": "epoch"}}, {"time": "2020-05-16T02:50:36.865790+00:00", "event": "metrics", "data": {"epoch": 72, "test-loss": 2.31085673828125, "test-acc": 0.1135, "__step_name__": "epoch"}}, {"time": "2020-05-16T02:50:37.020662+00:00", "event": "metrics", "data": {"epoch": 73, "train-loss": 2.2060234546661377, "train-acc": 0.2, "__step_name__": "epoch"}}, {"time": "2020-05-16T02:50:37.173042+00:00", "event": "metrics", "data": {"epoch": 74, "train-loss": 2.1421375274658203, "train-acc": 0.2, "__step_name__": "epoch"}}, {"time": "2020-05-16T02:50:38.928026+00:00", "event": "metrics", "data": {"epoch": 74, "test-loss": 2.31191845703125, "test-acc": 0.1135, "__step_name__": "epoch"}}, {"time": "2020-05-16T02:50:39.096550+00:00", "event": "metrics", "data": {"epoch": 75, "train-loss": 2.296025514602661, "train-acc": 0.11666666666666667, "__step_name__": "epoch"}}, {"time": "2020-05-16T02:50:39.253156+00:00", "event": "metrics", "data": {"epoch": 76, "train-loss": 2.2355294227600098, "train-acc": 0.2, "__step_name__": "epoch"}}, {"time": "2020-05-16T02:50:41.018592+00:00", "event": "metrics", "data": {"epoch": 76, "test-loss": 2.3107380859375, "test-acc": 0.1135, "__step_name__": "epoch"}}, {"time": "2020-05-16T02:50:41.194377+00:00", "event": "metrics", "data": {"epoch": 77, "train-loss": 2.2674131393432617, "train-acc": 0.2, "__step_name__": "epoch"}}, {"time": "2020-05-16T02:50:41.349357+00:00", "event": "metrics", "data": {"epoch": 78, "train-loss": 2.338859796524048, "train-acc": 0.2, "__step_name__": "epoch"}}, {"time": "2020-05-16T02:50:43.191349+00:00", "event": "metrics", "data": {"epoch": 78, "test-loss": 2.3143103515625, "test-acc": 0.1135, "__step_name__": "epoch"}}, {"time": "2020-05-16T02:50:43.344035+00:00", "event": "metrics", "data": {"epoch": 79, "train-loss": 2.286991834640503, "train-acc": 0.2, "__step_name__": "epoch"}}, {"time": "2020-05-16T02:50:43.500792+00:00", "event": "metrics", "data": {"epoch": 80, "train-loss": 2.203150987625122, "train-acc": 0.2, "__step_name__": "epoch"}}, {"time": "2020-05-16T02:50:45.272479+00:00", "event": "metrics", "data": {"epoch": 80, "test-loss": 2.30925859375, "test-acc": 0.1135, "__step_name__": "epoch"}}, {"time": "2020-05-16T02:50:45.434617+00:00", "event": "metrics", "data": {"epoch": 81, "train-loss": 2.2884559631347656, "train-acc": 0.2, "__step_name__": "epoch"}}, {"time": "2020-05-16T02:50:45.738702+00:00", "event": "metrics", "data": {"epoch": 82, "train-loss": 2.2913694381713867, "train-acc": 0.2, "__step_name__": "epoch"}}, {"time": "2020-05-16T02:50:47.504614+00:00", "event": "metrics", "data": {"epoch": 82, "test-loss": 2.31304482421875, "test-acc": 0.1135, "__step_name__": "epoch"}}, {"time": "2020-05-16T02:50:47.663828+00:00", "event": "metrics", "data": {"epoch": 83, "train-loss": 2.174823522567749, "train-acc": 0.2, "__step_name__": "epoch"}}, {"time": "2020-05-16T02:50:47.820322+00:00", "event": "metrics", "data": {"epoch": 84, "train-loss": 2.194988250732422, "train-acc": 0.11666666666666667, "__step_name__": "epoch"}}, {"time": "2020-05-16T02:50:50.018585+00:00", "event": "metrics", "data": {"epoch": 84, "test-loss": 2.31357802734375, "test-acc": 0.1032, "__step_name__": "epoch"}}, {"time": "2020-05-16T02:50:50.181516+00:00", "event": "metrics", "data": {"epoch": 85, "train-loss": 2.476516008377075, "train-acc": 0.16666666666666666, "__step_name__": "epoch"}}, {"time": "2020-05-16T02:50:50.336950+00:00", "event": "metrics", "data": {"epoch": 86, "train-loss": 2.2348833084106445, "train-acc": 0.2, "__step_name__": "epoch"}}, {"time": "2020-05-16T02:50:52.097402+00:00", "event": "metrics", "data": {"epoch": 86, "test-loss": 2.30896884765625, "test-acc": 0.1135, "__step_name__": "epoch"}}, {"time": "2020-05-16T02:50:52.267967+00:00", "event": "metrics", "data": {"epoch": 87, "train-loss": 2.2754993438720703, "train-acc": 0.2, "__step_name__": "epoch"}}, {"time": "2020-05-16T02:50:52.439131+00:00", "event": "metrics", "data": {"epoch": 88, "train-loss": 2.224241018295288, "train-acc": 0.2, "__step_name__": "epoch"}}, {"time": "2020-05-16T02:50:54.228130+00:00", "event": "metrics", "data": {"epoch": 88, "test-loss": 2.313454296875, "test-acc": 0.1135, "__step_name__": "epoch"}}, {"time": "2020-05-16T02:50:54.397597+00:00", "event": "metrics", "data": {"epoch": 89, "train-loss": 2.2586123943328857, "train-acc": 0.2, "__step_name__": "epoch"}}, {"time": "2020-05-16T02:50:54.556101+00:00", "event": "metrics", "data": {"epoch": 90, "train-loss": 2.244779109954834, "train-acc": 0.2, "__step_name__": "epoch"}}, {"time": "2020-05-16T02:50:56.320452+00:00", "event": "metrics", "data": {"epoch": 90, "test-loss": 2.31123642578125, "test-acc": 0.1135, "__step_name__": "epoch"}}, {"time": "2020-05-16T02:50:56.498282+00:00", "event": "metrics", "data": {"epoch": 91, "train-loss": 2.163616418838501, "train-acc": 0.2, "__step_name__": "epoch"}}, {"time": "2020-05-16T02:50:56.657798+00:00", "event": "metrics", "data": {"epoch": 92, "train-loss": 2.302299737930298, "train-acc": 0.2, "__step_name__": "epoch"}}, {"time": "2020-05-16T02:50:58.527377+00:00", "event": "metrics", "data": {"epoch": 92, "test-loss": 2.31086376953125, "test-acc": 0.1135, "__step_name__": "epoch"}}, {"time": "2020-05-16T02:50:58.701303+00:00", "event": "metrics", "data": {"epoch": 93, "train-loss": 2.1966845989227295, "train-acc": 0.2, "__step_name__": "epoch"}}, {"time": "2020-05-16T02:50:58.868335+00:00", "event": "metrics", "data": {"epoch": 94, "train-loss": 2.1672675609588623, "train-acc": 0.2, "__step_name__": "epoch"}}, {"time": "2020-05-16T02:51:00.664625+00:00", "event": "metrics", "data": {"epoch": 94, "test-loss": 2.3139294921875, "test-acc": 0.1135, "__step_name__": "epoch"}}, {"time": "2020-05-16T02:51:00.846393+00:00", "event": "metrics", "data": {"epoch": 95, "train-loss": 2.1980044841766357, "train-acc": 0.2, "__step_name__": "epoch"}}, {"time": "2020-05-16T02:51:01.013103+00:00", "event": "metrics", "data": {"epoch": 96, "train-loss": 2.3270797729492188, "train-acc": 0.2, "__step_name__": "epoch"}}, {"time": "2020-05-16T02:51:02.778036+00:00", "event": "metrics", "data": {"epoch": 96, "test-loss": 2.31362412109375, "test-acc": 0.1135, "__step_name__": "epoch"}}, {"time": "2020-05-16T02:51:02.946285+00:00", "event": "metrics", "data": {"epoch": 97, "train-loss": 2.1975276470184326, "train-acc": 0.08333333333333333, "__step_name__": "epoch"}}, {"time": "2020-05-16T02:51:03.109127+00:00", "event": "metrics", "data": {"epoch": 98, "train-loss": 2.2571752071380615, "train-acc": 0.2, "__step_name__": "epoch"}}, {"time": "2020-05-16T02:51:04.849825+00:00", "event": "metrics", "data": {"epoch": 98, "test-loss": 2.31178251953125, "test-acc": 0.1135, "__step_name__": "epoch"}}, {"time": "2020-05-16T02:51:05.018196+00:00", "event": "metrics", "data": {"epoch": 99, "train-loss": 2.1748454570770264, "train-acc": 0.2, "__step_name__": "epoch"}}, {"time": "2020-05-16T02:51:05.189646+00:00", "event": "metrics", "data": {"epoch": 100, "train-loss": 2.1831610202789307, "train-acc": 0.2, "__step_name__": "epoch"}}, {"time": "2020-05-16T02:51:07.065629+00:00", "event": "metrics", "data": {"epoch": 100, "test-loss": 2.31264892578125, "test-acc": 0.1135, "__step_name__": "epoch"}}, {"time": "2020-05-16T02:51:07.257860+00:00", "event": "metrics", "data": {"epoch": 101, "train-loss": 2.2715039253234863, "train-acc": 0.2, "__step_name__": "epoch"}}, {"time": "2020-05-16T02:51:07.438429+00:00", "event": "metrics", "data": {"epoch": 102, "train-loss": 2.239875078201294, "train-acc": 0.2, "__step_name__": "epoch"}}, {"time": "2020-05-16T02:51:09.232185+00:00", "event": "metrics", "data": {"epoch": 102, "test-loss": 2.3107125, "test-acc": 0.1135, "__step_name__": "epoch"}}, {"time": "2020-05-16T02:51:09.396609+00:00", "event": "metrics", "data": {"epoch": 103, "train-loss": 2.2283103466033936, "train-acc": 0.2, "__step_name__": "epoch"}}, {"time": "2020-05-16T02:51:09.558546+00:00", "event": "metrics", "data": {"epoch": 104, "train-loss": 2.275726079940796, "train-acc": 0.2, "__step_name__": "epoch"}}, {"time": "2020-05-16T02:51:11.353875+00:00", "event": "metrics", "data": {"epoch": 104, "test-loss": 2.31075908203125, "test-acc": 0.1135, "__step_name__": "epoch"}}, {"time": "2020-05-16T02:51:11.526217+00:00", "event": "metrics", "data": {"epoch": 105, "train-loss": 2.342500686645508, "train-acc": 0.15, "__step_name__": "epoch"}}, {"time": "2020-05-16T02:51:11.697552+00:00", "event": "metrics", "data": {"epoch": 106, "train-loss": 2.2675554752349854, "train-acc": 0.15, "__step_name__": "epoch"}}, {"time": "2020-05-16T02:51:13.478901+00:00", "event": "metrics", "data": {"epoch": 106, "test-loss": 2.3092703125, "test-acc": 0.1135, "__step_name__": "epoch"}}, {"time": "2020-05-16T02:51:13.674991+00:00", "event": "metrics", "data": {"epoch": 107, "train-loss": 2.261157512664795, "train-acc": 0.2, "__step_name__": "epoch"}}, {"time": "2020-05-16T02:51:13.859713+00:00", "event": "metrics", "data": {"epoch": 108, "train-loss": 2.1465306282043457, "train-acc": 0.2, "__step_name__": "epoch"}}, {"time": "2020-05-16T02:51:15.744550+00:00", "event": "metrics", "data": {"epoch": 108, "test-loss": 2.31019443359375, "test-acc": 0.1135, "__step_name__": "epoch"}}, {"time": "2020-05-16T02:51:15.951895+00:00", "event": "metrics", "data": {"epoch": 109, "train-loss": 2.1914734840393066, "train-acc": 0.2, "__step_name__": "epoch"}}, {"time": "2020-05-16T02:51:16.121354+00:00", "event": "metrics", "data": {"epoch": 110, "train-loss": 2.287156105041504, "train-acc": 0.2, "__step_name__": "epoch"}}, {"time": "2020-05-16T02:51:17.917144+00:00", "event": "metrics", "data": {"epoch": 110, "test-loss": 2.31245986328125, "test-acc": 0.1135, "__step_name__": "epoch"}}, {"time": "2020-05-16T02:51:18.092244+00:00", "event": "metrics", "data": {"epoch": 111, "train-loss": 2.2666380405426025, "train-acc": 0.2, "__step_name__": "epoch"}}, {"time": "2020-05-16T02:51:18.261987+00:00", "event": "metrics", "data": {"epoch": 112, "train-loss": 2.3030519485473633, "train-acc": 0.2, "__step_name__": "epoch"}}, {"time": "2020-05-16T02:51:20.039120+00:00", "event": "metrics", "data": {"epoch": 112, "test-loss": 2.31266201171875, "test-acc": 0.1135, "__step_name__": "epoch"}}, {"time": "2020-05-16T02:51:20.218343+00:00", "event": "metrics", "data": {"epoch": 113, "train-loss": 2.2774195671081543, "train-acc": 0.2, "__step_name__": "epoch"}}, {"time": "2020-05-16T02:51:20.392048+00:00", "event": "metrics", "data": {"epoch": 114, "train-loss": 2.3451168537139893, "train-acc": 0.2, "__step_name__": "epoch"}}, {"time": "2020-05-16T02:51:22.145111+00:00", "event": "metrics", "data": {"epoch": 114, "test-loss": 2.31695615234375, "test-acc": 0.1135, "__step_name__": "epoch"}}, {"time": "2020-05-16T02:51:25.874683+00:00", "event": "metrics", "data": {"epoch": 115, "train-loss": 2.2498013973236084, "train-acc": 0.2, "__step_name__": "epoch"}}, {"time": "2020-05-16T02:51:26.052727+00:00", "event": "metrics", "data": {"epoch": 116, "train-loss": 2.237640142440796, "train-acc": 0.15, "__step_name__": "epoch"}}, {"time": "2020-05-16T02:51:27.910167+00:00", "event": "metrics", "data": {"epoch": 116, "test-loss": 2.312964453125, "test-acc": 0.1032, "__step_name__": "epoch"}}, {"time": "2020-05-16T02:51:28.093010+00:00", "event": "metrics", "data": {"epoch": 117, "train-loss": 2.2026102542877197, "train-acc": 0.15, "__step_name__": "epoch"}}, {"time": "2020-05-16T02:51:28.278025+00:00", "event": "metrics", "data": {"epoch": 118, "train-loss": 2.2426483631134033, "train-acc": 0.2, "__step_name__": "epoch"}}, {"time": "2020-05-16T02:51:30.072135+00:00", "event": "metrics", "data": {"epoch": 118, "test-loss": 2.31590283203125, "test-acc": 0.1135, "__step_name__": "epoch"}}, {"time": "2020-05-16T02:51:30.260799+00:00", "event": "metrics", "data": {"epoch": 119, "train-loss": 2.3145620822906494, "train-acc": 0.2, "__step_name__": "epoch"}}, {"time": "2020-05-16T02:51:30.462593+00:00", "event": "metrics", "data": {"epoch": 120, "train-loss": 2.2851483821868896, "train-acc": 0.2, "__step_name__": "epoch"}}, {"time": "2020-05-16T02:51:32.244912+00:00", "event": "metrics", "data": {"epoch": 120, "test-loss": 2.30916552734375, "test-acc": 0.1135, "__step_name__": "epoch"}}, {"time": "2020-05-16T02:51:32.433178+00:00", "event": "metrics", "data": {"epoch": 121, "train-loss": 2.249459981918335, "train-acc": 0.2, "__step_name__": "epoch"}}, {"time": "2020-05-16T02:51:32.621366+00:00", "event": "metrics", "data": {"epoch": 122, "train-loss": 2.293827772140503, "train-acc": 0.2, "__step_name__": "epoch"}}, {"time": "2020-05-16T02:51:34.491324+00:00", "event": "metrics", "data": {"epoch": 122, "test-loss": 2.3107833984375, "test-acc": 0.1135, "__step_name__": "epoch"}}, {"time": "2020-05-16T02:51:34.679248+00:00", "event": "metrics", "data": {"epoch": 123, "train-loss": 2.3253581523895264, "train-acc": 0.1, "__step_name__": "epoch"}}, {"time": "2020-05-16T02:51:34.861803+00:00", "event": "metrics", "data": {"epoch": 124, "train-loss": 2.3356778621673584, "train-acc": 0.15, "__step_name__": "epoch"}}, {"time": "2020-05-16T02:51:36.636209+00:00", "event": "metrics", "data": {"epoch": 124, "test-loss": 2.31503935546875, "test-acc": 0.1135, "__step_name__": "epoch"}}, {"time": "2020-05-16T02:51:36.818720+00:00", "event": "metrics", "data": {"epoch": 125, "train-loss": 2.2724435329437256, "train-acc": 0.2, "__step_name__": "epoch"}}, {"time": "2020-05-16T02:51:36.997631+00:00", "event": "metrics", "data": {"epoch": 126, "train-loss": 2.3619747161865234, "train-acc": 0.2, "__step_name__": "epoch"}}, {"time": "2020-05-16T02:51:38.824529+00:00", "event": "metrics", "data": {"epoch": 126, "test-loss": 2.3129251953125, "test-acc": 0.1135, "__step_name__": "epoch"}}, {"time": "2020-05-16T02:51:39.085347+00:00", "event": "metrics", "data": {"epoch": 127, "train-loss": 2.2272789478302, "train-acc": 0.2, "__step_name__": "epoch"}}, {"time": "2020-05-16T02:51:39.265648+00:00", "event": "metrics", "data": {"epoch": 128, "train-loss": 2.236565589904785, "train-acc": 0.13333333333333333, "__step_name__": "epoch"}}, {"time": "2020-05-16T02:51:41.060607+00:00", "event": "metrics", "data": {"epoch": 128, "test-loss": 2.3111666015625, "test-acc": 0.1135, "__step_name__": "epoch"}}, {"time": "2020-05-16T02:51:41.248156+00:00", "event": "metrics", "data": {"epoch": 129, "train-loss": 2.2220914363861084, "train-acc": 0.2, "__step_name__": "epoch"}}, {"time": "2020-05-16T02:51:41.425146+00:00", "event": "metrics", "data": {"epoch": 130, "train-loss": 2.3089120388031006, "train-acc": 0.2, "__step_name__": "epoch"}}, {"time": "2020-05-16T02:51:43.289276+00:00", "event": "metrics", "data": {"epoch": 130, "test-loss": 2.310313671875, "test-acc": 0.1135, "__step_name__": "epoch"}}, {"time": "2020-05-16T02:51:43.487133+00:00", "event": "metrics", "data": {"epoch": 131, "train-loss": 2.254521608352661, "train-acc": 0.2, "__step_name__": "epoch"}}, {"time": "2020-05-16T02:51:43.666732+00:00", "event": "metrics", "data": {"epoch": 132, "train-loss": 2.265514850616455, "train-acc": 0.2, "__step_name__": "epoch"}}, {"time": "2020-05-16T02:51:45.451759+00:00", "event": "metrics", "data": {"epoch": 132, "test-loss": 2.3107447265625, "test-acc": 0.1135, "__step_name__": "epoch"}}, {"time": "2020-05-16T02:51:45.638121+00:00", "event": "metrics", "data": {"epoch": 133, "train-loss": 2.320169448852539, "train-acc": 0.2, "__step_name__": "epoch"}}, {"time": "2020-05-16T02:51:45.825757+00:00", "event": "metrics", "data": {"epoch": 134, "train-loss": 2.28230357170105, "train-acc": 0.2, "__step_name__": "epoch"}}, {"time": "2020-05-16T02:51:47.637769+00:00", "event": "metrics", "data": {"epoch": 134, "test-loss": 2.31003427734375, "test-acc": 0.1135, "__step_name__": "epoch"}}, {"time": "2020-05-16T02:51:47.844415+00:00", "event": "metrics", "data": {"epoch": 135, "train-loss": 2.326145648956299, "train-acc": 0.2, "__step_name__": "epoch"}}, {"time": "2020-05-16T02:51:48.035049+00:00", "event": "metrics", "data": {"epoch": 136, "train-loss": 2.2348246574401855, "train-acc": 0.2, "__step_name__": "epoch"}}, {"time": "2020-05-16T02:51:49.832636+00:00", "event": "metrics", "data": {"epoch": 136, "test-loss": 2.31071865234375, "test-acc": 0.1135, "__step_name__": "epoch"}}, {"time": "2020-05-16T02:51:50.020996+00:00", "event": "metrics", "data": {"epoch": 137, "train-loss": 2.1380527019500732, "train-acc": 0.2, "__step_name__": "epoch"}}, {"time": "2020-05-16T02:51:50.217353+00:00", "event": "metrics", "data": {"epoch": 138, "train-loss": 2.225822687149048, "train-acc": 0.2, "__step_name__": "epoch"}}, {"time": "2020-05-16T02:51:52.101998+00:00", "event": "metrics", "data": {"epoch": 138, "test-loss": 2.308175390625, "test-acc": 0.1135, "__step_name__": "epoch"}}, {"time": "2020-05-16T02:51:52.326633+00:00", "event": "metrics", "data": {"epoch": 139, "train-loss": 2.2855064868927, "train-acc": 0.2, "__step_name__": "epoch"}}, {"time": "2020-05-16T02:51:52.521995+00:00", "event": "metrics", "data": {"epoch": 140, "train-loss": 2.2573468685150146, "train-acc": 0.2, "__step_name__": "epoch"}}, {"time": "2020-05-16T02:51:54.328259+00:00", "event": "metrics", "data": {"epoch": 140, "test-loss": 2.31514306640625, "test-acc": 0.1135, "__step_name__": "epoch"}}, {"time": "2020-05-16T02:51:54.519088+00:00", "event": "metrics", "data": {"epoch": 141, "train-loss": 2.1832282543182373, "train-acc": 0.15, "__step_name__": "epoch"}}, {"time": "2020-05-16T02:51:54.759707+00:00", "event": "metrics", "data": {"epoch": 142, "train-loss": 2.1585676670074463, "train-acc": 0.21666666666666667, "__step_name__": "epoch"}}, {"time": "2020-05-16T02:51:56.554239+00:00", "event": "metrics", "data": {"epoch": 142, "test-loss": 2.3107939453125, "test-acc": 0.1135, "__step_name__": "epoch"}}, {"time": "2020-05-16T02:51:56.736864+00:00", "event": "metrics", "data": {"epoch": 143, "train-loss": 2.2554352283477783, "train-acc": 0.2, "__step_name__": "epoch"}}, {"time": "2020-05-16T02:51:56.926462+00:00", "event": "metrics", "data": {"epoch": 144, "train-loss": 2.2063815593719482, "train-acc": 0.2, "__step_name__": "epoch"}}, {"time": "2020-05-16T02:51:58.798478+00:00", "event": "metrics", "data": {"epoch": 144, "test-loss": 2.309190625, "test-acc": 0.1135, "__step_name__": "epoch"}}, {"time": "2020-05-16T02:51:58.998815+00:00", "event": "metrics", "data": {"epoch": 145, "train-loss": 2.1974241733551025, "train-acc": 0.2, "__step_name__": "epoch"}}, {"time": "2020-05-16T02:51:59.190553+00:00", "event": "metrics", "data": {"epoch": 146, "train-loss": 2.1640865802764893, "train-acc": 0.2, "__step_name__": "epoch"}}, {"time": "2020-05-16T02:52:00.957011+00:00", "event": "metrics", "data": {"epoch": 146, "test-loss": 2.313887890625, "test-acc": 0.1135, "__step_name__": "epoch"}}, {"time": "2020-05-16T02:52:01.148227+00:00", "event": "metrics", "data": {"epoch": 147, "train-loss": 2.2646372318267822, "train-acc": 0.2, "__step_name__": "epoch"}}, {"time": "2020-05-16T02:52:01.352335+00:00", "event": "metrics", "data": {"epoch": 148, "train-loss": 2.2751471996307373, "train-acc": 0.13333333333333333, "__step_name__": "epoch"}}, {"time": "2020-05-16T02:52:03.267950+00:00", "event": "metrics", "data": {"epoch": 148, "test-loss": 2.31249638671875, "test-acc": 0.1009, "__step_name__": "epoch"}}, {"time": "2020-05-16T02:52:03.464506+00:00", "event": "metrics", "data": {"epoch": 149, "train-loss": 2.2525126934051514, "train-acc": 0.15, "__step_name__": "epoch"}}, {"time": "2020-05-16T02:52:03.668219+00:00", "event": "metrics", "data": {"epoch": 150, "train-loss": 2.1877567768096924, "train-acc": 0.2, "__step_name__": "epoch"}}, {"time": "2020-05-16T02:52:05.442632+00:00", "event": "metrics", "data": {"epoch": 150, "test-loss": 2.309231640625, "test-acc": 0.1135, "__step_name__": "epoch"}}, {"time": "2020-05-16T02:52:05.657381+00:00", "event": "metrics", "data": {"epoch": 151, "train-loss": 2.3467824459075928, "train-acc": 0.2, "__step_name__": "epoch"}}, {"time": "2020-05-16T02:52:05.879669+00:00", "event": "metrics", "data": {"epoch": 152, "train-loss": 2.3604958057403564, "train-acc": 0.2, "__step_name__": "epoch"}}, {"time": "2020-05-16T02:52:07.769818+00:00", "event": "metrics", "data": {"epoch": 152, "test-loss": 2.31317998046875, "test-acc": 0.1135, "__step_name__": "epoch"}}, {"time": "2020-05-16T02:52:07.967799+00:00", "event": "metrics", "data": {"epoch": 153, "train-loss": 2.175083875656128, "train-acc": 0.16666666666666666, "__step_name__": "epoch"}}, {"time": "2020-05-16T02:52:08.171412+00:00", "event": "metrics", "data": {"epoch": 154, "train-loss": 2.2144126892089844, "train-acc": 0.2, "__step_name__": "epoch"}}, {"time": "2020-05-16T02:52:09.941472+00:00", "event": "metrics", "data": {"epoch": 154, "test-loss": 2.31305810546875, "test-acc": 0.1135, "__step_name__": "epoch"}}, {"time": "2020-05-16T02:52:10.140162+00:00", "event": "metrics", "data": {"epoch": 155, "train-loss": 2.192817449569702, "train-acc": 0.2, "__step_name__": "epoch"}}, {"time": "2020-05-16T02:52:10.342233+00:00", "event": "metrics", "data": {"epoch": 156, "train-loss": 2.282132863998413, "train-acc": 0.2, "__step_name__": "epoch"}}, {"time": "2020-05-16T02:52:12.143404+00:00", "event": "metrics", "data": {"epoch": 156, "test-loss": 2.314171484375, "test-acc": 0.1135, "__step_name__": "epoch"}}, {"time": "2020-05-16T02:52:12.347753+00:00", "event": "metrics", "data": {"epoch": 157, "train-loss": 2.347405433654785, "train-acc": 0.2, "__step_name__": "epoch"}}, {"time": "2020-05-16T02:52:12.554671+00:00", "event": "metrics", "data": {"epoch": 158, "train-loss": 2.168487310409546, "train-acc": 0.11666666666666667, "__step_name__": "epoch"}}, {"time": "2020-05-16T02:52:14.364488+00:00", "event": "metrics", "data": {"epoch": 158, "test-loss": 2.3100244140625, "test-acc": 0.1009, "__step_name__": "epoch"}}, {"time": "2020-05-16T02:52:14.555473+00:00", "event": "metrics", "data": {"epoch": 159, "train-loss": 2.223604679107666, "train-acc": 0.16666666666666666, "__step_name__": "epoch"}}, {"time": "2020-05-16T02:52:14.777857+00:00", "event": "metrics", "data": {"epoch": 160, "train-loss": 2.284173011779785, "train-acc": 0.2, "__step_name__": "epoch"}}, {"time": "2020-05-16T02:52:16.670739+00:00", "event": "metrics", "data": {"epoch": 160, "test-loss": 2.3140029296875, "test-acc": 0.1135, "__step_name__": "epoch"}}, {"time": "2020-05-16T02:52:16.896228+00:00", "event": "metrics", "data": {"epoch": 161, "train-loss": 2.306959629058838, "train-acc": 0.2, "__step_name__": "epoch"}}, {"time": "2020-05-16T02:52:17.169963+00:00", "event": "metrics", "data": {"epoch": 162, "train-loss": 2.2501323223114014, "train-acc": 0.2, "__step_name__": "epoch"}}, {"time": "2020-05-16T02:52:18.999185+00:00", "event": "metrics", "data": {"epoch": 162, "test-loss": 2.30872451171875, "test-acc": 0.1135, "__step_name__": "epoch"}}, {"time": "2020-05-16T02:52:19.207541+00:00", "event": "metrics", "data": {"epoch": 163, "train-loss": 2.2234673500061035, "train-acc": 0.2, "__step_name__": "epoch"}}, {"time": "2020-05-16T02:52:19.428439+00:00", "event": "metrics", "data": {"epoch": 164, "train-loss": 2.2401649951934814, "train-acc": 0.2, "__step_name__": "epoch"}}, {"time": "2020-05-16T02:52:21.228847+00:00", "event": "metrics", "data": {"epoch": 164, "test-loss": 2.3108052734375, "test-acc": 0.1135, "__step_name__": "epoch"}}, {"time": "2020-05-16T02:52:21.461840+00:00", "event": "metrics", "data": {"epoch": 165, "train-loss": 2.2660939693450928, "train-acc": 0.2, "__step_name__": "epoch"}}, {"time": "2020-05-16T02:52:21.659247+00:00", "event": "metrics", "data": {"epoch": 166, "train-loss": 2.1146020889282227, "train-acc": 0.2, "__step_name__": "epoch"}}, {"time": "2020-05-16T02:52:23.507805+00:00", "event": "metrics", "data": {"epoch": 166, "test-loss": 2.3095123046875, "test-acc": 0.1135, "__step_name__": "epoch"}}, {"time": "2020-05-16T02:52:23.728725+00:00", "event": "metrics", "data": {"epoch": 167, "train-loss": 2.426166296005249, "train-acc": 0.2, "__step_name__": "epoch"}}, {"time": "2020-05-16T02:52:23.944750+00:00", "event": "metrics", "data": {"epoch": 168, "train-loss": 2.193457841873169, "train-acc": 0.2, "__step_name__": "epoch"}}, {"time": "2020-05-16T02:52:25.828556+00:00", "event": "metrics", "data": {"epoch": 168, "test-loss": 2.30985166015625, "test-acc": 0.1135, "__step_name__": "epoch"}}, {"time": "2020-05-16T02:52:26.042702+00:00", "event": "metrics", "data": {"epoch": 169, "train-loss": 2.2342848777770996, "train-acc": 0.2, "__step_name__": "epoch"}}, {"time": "2020-05-16T02:52:26.254664+00:00", "event": "metrics", "data": {"epoch": 170, "train-loss": 2.2428762912750244, "train-acc": 0.2, "__step_name__": "epoch"}}, {"time": "2020-05-16T02:52:28.061462+00:00", "event": "metrics", "data": {"epoch": 170, "test-loss": 2.31093505859375, "test-acc": 0.1135, "__step_name__": "epoch"}}, {"time": "2020-05-16T02:52:28.277499+00:00", "event": "metrics", "data": {"epoch": 171, "train-loss": 2.2102439403533936, "train-acc": 0.2, "__step_name__": "epoch"}}, {"time": "2020-05-16T02:52:28.477723+00:00", "event": "metrics", "data": {"epoch": 172, "train-loss": 2.296083450317383, "train-acc": 0.2, "__step_name__": "epoch"}}, {"time": "2020-05-16T02:52:30.288269+00:00", "event": "metrics", "data": {"epoch": 172, "test-loss": 2.31108310546875, "test-acc": 0.1135, "__step_name__": "epoch"}}, {"time": "2020-05-16T02:52:30.496652+00:00", "event": "metrics", "data": {"epoch": 173, "train-loss": 2.3673667907714844, "train-acc": 0.2, "__step_name__": "epoch"}}, {"time": "2020-05-16T02:52:30.722155+00:00", "event": "metrics", "data": {"epoch": 174, "train-loss": 2.2136521339416504, "train-acc": 0.2, "__step_name__": "epoch"}}, {"time": "2020-05-16T02:52:32.656763+00:00", "event": "metrics", "data": {"epoch": 174, "test-loss": 2.3104017578125, "test-acc": 0.1135, "__step_name__": "epoch"}}, {"time": "2020-05-16T02:52:32.872404+00:00", "event": "metrics", "data": {"epoch": 175, "train-loss": 2.250396490097046, "train-acc": 0.2, "__step_name__": "epoch"}}, {"time": "2020-05-16T02:52:33.081633+00:00", "event": "metrics", "data": {"epoch": 176, "train-loss": 2.20589280128479, "train-acc": 0.2, "__step_name__": "epoch"}}, {"time": "2020-05-16T02:52:34.931560+00:00", "event": "metrics", "data": {"epoch": 176, "test-loss": 2.31197919921875, "test-acc": 0.1135, "__step_name__": "epoch"}}, {"time": "2020-05-16T02:52:35.143051+00:00", "event": "metrics", "data": {"epoch": 177, "train-loss": 2.2695093154907227, "train-acc": 0.2, "__step_name__": "epoch"}}, {"time": "2020-05-16T02:52:35.385368+00:00", "event": "metrics", "data": {"epoch": 178, "train-loss": 2.2560858726501465, "train-acc": 0.2, "__step_name__": "epoch"}}, {"time": "2020-05-16T02:52:37.544480+00:00", "event": "metrics", "data": {"epoch": 178, "test-loss": 2.30922138671875, "test-acc": 0.1135, "__step_name__": "epoch"}}, {"time": "2020-05-16T02:52:37.762093+00:00", "event": "metrics", "data": {"epoch": 179, "train-loss": 2.377912998199463, "train-acc": 0.2, "__step_name__": "epoch"}}, {"time": "2020-05-16T02:52:37.972136+00:00", "event": "metrics", "data": {"epoch": 180, "train-loss": 2.1776700019836426, "train-acc": 0.2, "__step_name__": "epoch"}}, {"time": "2020-05-16T02:52:39.864330+00:00", "event": "metrics", "data": {"epoch": 180, "test-loss": 2.31217900390625, "test-acc": 0.1135, "__step_name__": "epoch"}}, {"time": "2020-05-16T02:52:40.080085+00:00", "event": "metrics", "data": {"epoch": 181, "train-loss": 2.2586207389831543, "train-acc": 0.2, "__step_name__": "epoch"}}, {"time": "2020-05-16T02:52:40.306369+00:00", "event": "metrics", "data": {"epoch": 182, "train-loss": 2.112938642501831, "train-acc": 0.2, "__step_name__": "epoch"}}, {"time": "2020-05-16T02:52:42.272006+00:00", "event": "metrics", "data": {"epoch": 182, "test-loss": 2.30913076171875, "test-acc": 0.1135, "__step_name__": "epoch"}}, {"time": "2020-05-16T02:52:42.506110+00:00", "event": "metrics", "data": {"epoch": 183, "train-loss": 2.2786717414855957, "train-acc": 0.2, "__step_name__": "epoch"}}, {"time": "2020-05-16T02:52:42.726419+00:00", "event": "metrics", "data": {"epoch": 184, "train-loss": 2.217824697494507, "train-acc": 0.2, "__step_name__": "epoch"}}, {"time": "2020-05-16T02:52:44.560087+00:00", "event": "metrics", "data": {"epoch": 184, "test-loss": 2.31031220703125, "test-acc": 0.1135, "__step_name__": "epoch"}}, {"time": "2020-05-16T02:52:44.784218+00:00", "event": "metrics", "data": {"epoch": 185, "train-loss": 2.1970736980438232, "train-acc": 0.2, "__step_name__": "epoch"}}, {"time": "2020-05-16T02:52:45.002574+00:00", "event": "metrics", "data": {"epoch": 186, "train-loss": 2.318403482437134, "train-acc": 0.2, "__step_name__": "epoch"}}, {"time": "2020-05-16T02:52:46.816551+00:00", "event": "metrics", "data": {"epoch": 186, "test-loss": 2.31591474609375, "test-acc": 0.1135, "__step_name__": "epoch"}}, {"time": "2020-05-16T02:52:47.053095+00:00", "event": "metrics", "data": {"epoch": 187, "train-loss": 2.213245153427124, "train-acc": 0.2, "__step_name__": "epoch"}}, {"time": "2020-05-16T02:52:47.338780+00:00", "event": "metrics", "data": {"epoch": 188, "train-loss": 2.3097097873687744, "train-acc": 0.2, "__step_name__": "epoch"}}, {"time": "2020-05-16T02:52:49.203691+00:00", "event": "metrics", "data": {"epoch": 188, "test-loss": 2.3101087890625, "test-acc": 0.1135, "__step_name__": "epoch"}}, {"time": "2020-05-16T02:52:49.437368+00:00", "event": "metrics", "data": {"epoch": 189, "train-loss": 2.2458813190460205, "train-acc": 0.2, "__step_name__": "epoch"}}, {"time": "2020-05-16T02:52:49.672313+00:00", "event": "metrics", "data": {"epoch": 190, "train-loss": 2.201359748840332, "train-acc": 0.2, "__step_name__": "epoch"}}, {"time": "2020-05-16T02:52:51.569704+00:00", "event": "metrics", "data": {"epoch": 190, "test-loss": 2.3144173828125, "test-acc": 0.1135, "__step_name__": "epoch"}}, {"time": "2020-05-16T02:52:51.806448+00:00", "event": "metrics", "data": {"epoch": 191, "train-loss": 2.2310264110565186, "train-acc": 0.2, "__step_name__": "epoch"}}, {"time": "2020-05-16T02:52:52.023045+00:00", "event": "metrics", "data": {"epoch": 192, "train-loss": 2.2450592517852783, "train-acc": 0.2, "__step_name__": "epoch"}}, {"time": "2020-05-16T02:52:53.865130+00:00", "event": "metrics", "data": {"epoch": 192, "test-loss": 2.3102341796875, "test-acc": 0.1135, "__step_name__": "epoch"}}, {"time": "2020-05-16T02:52:54.118651+00:00", "event": "metrics", "data": {"epoch": 193, "train-loss": 2.3089680671691895, "train-acc": 0.2, "__step_name__": "epoch"}}, {"time": "2020-05-16T02:52:54.364157+00:00", "event": "metrics", "data": {"epoch": 194, "train-loss": 2.263552665710449, "train-acc": 0.2, "__step_name__": "epoch"}}, {"time": "2020-05-16T02:52:56.218110+00:00", "event": "metrics", "data": {"epoch": 194, "test-loss": 2.3141326171875, "test-acc": 0.1135, "__step_name__": "epoch"}}, {"time": "2020-05-16T02:52:56.450102+00:00", "event": "metrics", "data": {"epoch": 195, "train-loss": 2.1866235733032227, "train-acc": 0.2, "__step_name__": "epoch"}}, {"time": "2020-05-16T02:52:56.694516+00:00", "event": "metrics", "data": {"epoch": 196, "train-loss": 2.1816911697387695, "train-acc": 0.2, "__step_name__": "epoch"}}, {"time": "2020-05-16T02:52:58.533573+00:00", "event": "metrics", "data": {"epoch": 196, "test-loss": 2.31253798828125, "test-acc": 0.1135, "__step_name__": "epoch"}}, {"time": "2020-05-16T02:52:58.763452+00:00", "event": "metrics", "data": {"epoch": 197, "train-loss": 2.1104791164398193, "train-acc": 0.2, "__step_name__": "epoch"}}, {"time": "2020-05-16T02:52:59.021960+00:00", "event": "metrics", "data": {"epoch": 198, "train-loss": 2.311751127243042, "train-acc": 0.2, "__step_name__": "epoch"}}, {"time": "2020-05-16T02:53:00.956748+00:00", "event": "metrics", "data": {"epoch": 198, "test-loss": 2.3146244140625, "test-acc": 0.1135, "__step_name__": "epoch"}}, {"time": "2020-05-16T02:53:01.209217+00:00", "event": "metrics", "data": {"epoch": 199, "train-loss": 2.2388274669647217, "train-acc": 0.2, "__step_name__": "epoch"}}, {"time": "2020-05-16T02:53:01.437916+00:00", "event": "metrics", "data": {"epoch": 200, "train-loss": 2.130000352859497, "train-acc": 0.16666666666666666, "__step_name__": "epoch"}}, {"time": "2020-05-16T02:53:03.273323+00:00", "event": "metrics", "data": {"epoch": 200, "test-loss": 2.3123875, "test-acc": 0.1009, "__step_name__": "epoch"}}, {"time": "2020-05-16T02:53:04.363848+00:00", "event": "ended", "data": {"status": "completed", "exit_code": 0, "metrics_rollup": {"epoch": 200, "test-loss": 2.3123875, "test-acc": 0.1009, "__step_name__": "epoch"}}}, {"time": "2020-05-16T02:53:04.770424+00:00", "event": "capture_after", "data": {"elapsed": 0.026448965072631836, "count": 2}}], "last_time": "2020-05-16T02:53:04.659742+00:00", "start_time": "2020-05-16T02:49:13.166381+00:00", "queue_duration": 0.41940500000000003, "hparams": {"seed": 30224, "batch-size": 6, "epochs": 200, "lr": 0.09286428571428572, "momentum": 0.2, "channels1": 12, "channels2": 16, "kernel_size": 5, "mlp-units": 64, "weight-decay": 0.2, "optimizer": "adam", "mid-conv": 1, "gpu": 0, "log-interval": 1}, "metrics": {"epoch": 200, "train-loss": 2.130000352859497, "train-acc": 0.16666666666666666, "__step_name__": "epoch", "test-loss": 2.3123875, "test-acc": 0.1009}, "metric_names": ["epoch", "train-loss", "train-acc", "test-loss", "test-acc"], "exit_code": 0, "restarts": 0, "end_time": "2020-05-16T02:53:04.363848+00:00", "end_id": 12, "run_duration": 231.695298}