{"_id": "run3.4", "ws": "xt-demo", "run_name": "run3.4", "run_num": 3000004, "run_guid": "fce1de63-4754-491c-825f-ab4b7c9990f9", "description": null, "exper_name": "search10", "job_id": "job10608", "node_index": 0, "is_outer": false, "is_parent": false, "is_child": true, "from_ip": "100.64.65.122", "from_computer_name": "agent2", "username": "rfernand", "box_name": "job10608-batch-0", "app_name": null, "repeat": null, "path": "miniMnist.py", "script": "miniMnist.py", "create_time": "2020-05-16T02:24:33.277138+00:00", "compute": "batch", "service_type": "batch", "sku": null, "search_style": null, "search_type": "random", "xt_version": "version: 0.1.1, build: Apr-30-2020", "run_index": 3, "status": "completed", "duration": 0, "log_records": [{"time": "2020-05-16T02:24:33.287799+00:00", "event": "created", "data": {"ws": "xt-demo", "run_name": "run3.4", "run_num": 3000004, "run_guid": "fce1de63-4754-491c-825f-ab4b7c9990f9", "description": null, "exper_name": "search10", "job_id": "job10608", "node_index": 0, "is_outer": false, "is_parent": false, "is_child": true, "from_ip": "100.64.65.122", "from_computer_name": "agent2", "username": "rfernand", "box_name": "job10608-batch-0", "app_name": null, "repeat": null, "path": "miniMnist.py", "script": "miniMnist.py", "create_time": "2020-05-16T02:24:33.277138+00:00", "compute": "batch", "service_type": "batch", "sku": null, "search_style": null, "search_type": "random", "xt_version": "version: 0.1.1, build: Apr-30-2020", "run_index": 3}}, {"time": "2020-05-16T02:24:33.393998+00:00", "event": "cmd", "data": {"cmd": ["python", "-u", "miniMnist.py", "--epochs=200", "--lr=0.09286428571428572", "--momentum=0.1", "--batch-size=32", "--seed=6512", "--log-interval=1", "--mid-conv=1", "--mlp-units=16", "--channels1=20", "--channels2=32", "--optimizer=sgd", "--weight-decay=0.4"], "xt_cmd": "xt run --exper=search10 --runs=10 --target=batch --hp-config=code\\miniSweeps.yaml code\\miniMnist.py"}}, {"time": "2020-05-16T02:24:33.537471+00:00", "event": "download_before", "data": {"source": "job", "count": 2}}, {"time": "2020-05-16T02:24:33.610971+00:00", "event": "download_before", "data": {"source": "parent-run", "count": 0}}, {"time": "2020-05-16T02:24:33.639784+00:00", "event": "download_before", "data": {"source": "run", "count": 0}}, {"time": "2020-05-16T02:24:33.664589+00:00", "event": "started", "data": {}}, {"time": "2020-05-16T02:24:39.959716+00:00", "event": "hparams", "data": {"seed": 6512, "batch-size": 32, "epochs": 200, "lr": 0.09286428571428572, "momentum": 0.1, "channels1": 20, "channels2": 32, "kernel_size": 5, "mlp-units": 16, "weight-decay": 0.4, "optimizer": "sgd", "mid-conv": 1, "gpu": 0, "log-interval": 1}}, {"time": "2020-05-16T02:24:40.423963+00:00", "event": "metrics", "data": {"epoch": 1, "train-loss": 2.2237608432769775, "train-acc": 0.23333333333333334, "__step_name__": "epoch"}}, {"time": "2020-05-16T02:24:40.629354+00:00", "event": "metrics", "data": {"epoch": 2, "train-loss": 2.233690023422241, "train-acc": 0.3, "__step_name__": "epoch"}}, {"time": "2020-05-16T02:24:42.628482+00:00", "event": "metrics", "data": {"epoch": 2, "test-loss": 2.3131240234375, "test-acc": 0.1554, "__step_name__": "epoch"}}, {"time": "2020-05-16T02:24:42.829165+00:00", "event": "metrics", "data": {"epoch": 3, "train-loss": 2.226499319076538, "train-acc": 0.25, "__step_name__": "epoch"}}, {"time": "2020-05-16T02:24:43.009023+00:00", "event": "metrics", "data": {"epoch": 4, "train-loss": 2.234290599822998, "train-acc": 0.2833333333333333, "__step_name__": "epoch"}}, {"time": "2020-05-16T02:24:44.912519+00:00", "event": "metrics", "data": {"epoch": 4, "test-loss": 2.31182265625, "test-acc": 0.1829, "__step_name__": "epoch"}}, {"time": "2020-05-16T02:24:45.095737+00:00", "event": "metrics", "data": {"epoch": 5, "train-loss": 2.23313307762146, "train-acc": 0.31666666666666665, "__step_name__": "epoch"}}, {"time": "2020-05-16T02:24:45.283654+00:00", "event": "metrics", "data": {"epoch": 6, "train-loss": 2.246060848236084, "train-acc": 0.36666666666666664, "__step_name__": "epoch"}}, {"time": "2020-05-16T02:24:47.142326+00:00", "event": "metrics", "data": {"epoch": 6, "test-loss": 2.31148564453125, "test-acc": 0.1984, "__step_name__": "epoch"}}, {"time": "2020-05-16T02:24:47.327887+00:00", "event": "metrics", "data": {"epoch": 7, "train-loss": 2.235882043838501, "train-acc": 0.31666666666666665, "__step_name__": "epoch"}}, {"time": "2020-05-16T02:24:47.514149+00:00", "event": "metrics", "data": {"epoch": 8, "train-loss": 2.23922061920166, "train-acc": 0.4, "__step_name__": "epoch"}}, {"time": "2020-05-16T02:24:49.603058+00:00", "event": "metrics", "data": {"epoch": 8, "test-loss": 2.31115048828125, "test-acc": 0.1884, "__step_name__": "epoch"}}, {"time": "2020-05-16T02:24:49.791782+00:00", "event": "metrics", "data": {"epoch": 9, "train-loss": 2.2317259311676025, "train-acc": 0.26666666666666666, "__step_name__": "epoch"}}, {"time": "2020-05-16T02:24:50.004430+00:00", "event": "metrics", "data": {"epoch": 10, "train-loss": 2.243725538253784, "train-acc": 0.2833333333333333, "__step_name__": "epoch"}}, {"time": "2020-05-16T02:24:51.967408+00:00", "event": "metrics", "data": {"epoch": 10, "test-loss": 2.310842578125, "test-acc": 0.1909, "__step_name__": "epoch"}}, {"time": "2020-05-16T02:24:52.155873+00:00", "event": "metrics", "data": {"epoch": 11, "train-loss": 2.2495861053466797, "train-acc": 0.2833333333333333, "__step_name__": "epoch"}}, {"time": "2020-05-16T02:24:52.341030+00:00", "event": "metrics", "data": {"epoch": 12, "train-loss": 2.2814981937408447, "train-acc": 0.26666666666666666, "__step_name__": "epoch"}}, {"time": "2020-05-16T02:24:54.219675+00:00", "event": "metrics", "data": {"epoch": 12, "test-loss": 2.3104375, "test-acc": 0.1622, "__step_name__": "epoch"}}, {"time": "2020-05-16T02:24:54.415529+00:00", "event": "metrics", "data": {"epoch": 13, "train-loss": 2.251413345336914, "train-acc": 0.23333333333333334, "__step_name__": "epoch"}}, {"time": "2020-05-16T02:24:54.614306+00:00", "event": "metrics", "data": {"epoch": 14, "train-loss": 2.239905834197998, "train-acc": 0.2, "__step_name__": "epoch"}}, {"time": "2020-05-16T02:24:56.486852+00:00", "event": "metrics", "data": {"epoch": 14, "test-loss": 2.31001279296875, "test-acc": 0.1135, "__step_name__": "epoch"}}, {"time": "2020-05-16T02:24:56.694551+00:00", "event": "metrics", "data": {"epoch": 15, "train-loss": 2.2321689128875732, "train-acc": 0.2, "__step_name__": "epoch"}}, {"time": "2020-05-16T02:24:56.929216+00:00", "event": "metrics", "data": {"epoch": 16, "train-loss": 2.2488296031951904, "train-acc": 0.15, "__step_name__": "epoch"}}, {"time": "2020-05-16T02:24:58.825680+00:00", "event": "metrics", "data": {"epoch": 16, "test-loss": 2.309798046875, "test-acc": 0.1135, "__step_name__": "epoch"}}, {"time": "2020-05-16T02:24:59.024005+00:00", "event": "metrics", "data": {"epoch": 17, "train-loss": 2.2261440753936768, "train-acc": 0.15, "__step_name__": "epoch"}}, {"time": "2020-05-16T02:24:59.167454+00:00", "event": "metrics", "data": {"epoch": 18, "train-loss": 2.270416736602783, "train-acc": 0.2, "__step_name__": "epoch"}}, {"time": "2020-05-16T02:25:01.088184+00:00", "event": "metrics", "data": {"epoch": 18, "test-loss": 2.30957451171875, "test-acc": 0.1135, "__step_name__": "epoch"}}, {"time": "2020-05-16T02:25:01.285141+00:00", "event": "metrics", "data": {"epoch": 19, "train-loss": 2.2208993434906006, "train-acc": 0.2, "__step_name__": "epoch"}}, {"time": "2020-05-16T02:25:01.462286+00:00", "event": "metrics", "data": {"epoch": 20, "train-loss": 2.2565741539001465, "train-acc": 0.2, "__step_name__": "epoch"}}, {"time": "2020-05-16T02:25:03.297674+00:00", "event": "metrics", "data": {"epoch": 20, "test-loss": 2.309441796875, "test-acc": 0.1135, "__step_name__": "epoch"}}, {"time": "2020-05-16T02:25:03.493383+00:00", "event": "metrics", "data": {"epoch": 21, "train-loss": 2.2397255897521973, "train-acc": 0.15, "__step_name__": "epoch"}}, {"time": "2020-05-16T02:25:03.639255+00:00", "event": "metrics", "data": {"epoch": 22, "train-loss": 2.2252819538116455, "train-acc": 0.2, "__step_name__": "epoch"}}, {"time": "2020-05-16T02:25:05.487265+00:00", "event": "metrics", "data": {"epoch": 22, "test-loss": 2.309328515625, "test-acc": 0.1135, "__step_name__": "epoch"}}, {"time": "2020-05-16T02:25:05.687282+00:00", "event": "metrics", "data": {"epoch": 23, "train-loss": 2.2586615085601807, "train-acc": 0.15, "__step_name__": "epoch"}}, {"time": "2020-05-16T02:25:05.801832+00:00", "event": "metrics", "data": {"epoch": 24, "train-loss": 2.2364819049835205, "train-acc": 0.2, "__step_name__": "epoch"}}, {"time": "2020-05-16T02:25:07.638158+00:00", "event": "metrics", "data": {"epoch": 24, "test-loss": 2.3092150390625, "test-acc": 0.1135, "__step_name__": "epoch"}}, {"time": "2020-05-16T02:25:07.839703+00:00", "event": "metrics", "data": {"epoch": 25, "train-loss": 2.250642776489258, "train-acc": 0.1, "__step_name__": "epoch"}}, {"time": "2020-05-16T02:25:07.976264+00:00", "event": "metrics", "data": {"epoch": 26, "train-loss": 2.2223784923553467, "train-acc": 0.2, "__step_name__": "epoch"}}, {"time": "2020-05-16T02:25:09.900759+00:00", "event": "metrics", "data": {"epoch": 26, "test-loss": 2.309125390625, "test-acc": 0.1135, "__step_name__": "epoch"}}, {"time": "2020-05-16T02:25:10.080229+00:00", "event": "metrics", "data": {"epoch": 27, "train-loss": 2.234734296798706, "train-acc": 0.11666666666666667, "__step_name__": "epoch"}}, {"time": "2020-05-16T02:25:10.180239+00:00", "event": "metrics", "data": {"epoch": 28, "train-loss": 2.2601277828216553, "train-acc": 0.13333333333333333, "__step_name__": "epoch"}}, {"time": "2020-05-16T02:25:12.019825+00:00", "event": "metrics", "data": {"epoch": 28, "test-loss": 2.30906337890625, "test-acc": 0.1135, "__step_name__": "epoch"}}, {"time": "2020-05-16T02:25:12.171503+00:00", "event": "metrics", "data": {"epoch": 29, "train-loss": 2.2705647945404053, "train-acc": 0.2, "__step_name__": "epoch"}}, {"time": "2020-05-16T02:25:12.304076+00:00", "event": "metrics", "data": {"epoch": 30, "train-loss": 2.2437796592712402, "train-acc": 0.2, "__step_name__": "epoch"}}, {"time": "2020-05-16T02:25:14.144892+00:00", "event": "metrics", "data": {"epoch": 30, "test-loss": 2.30894384765625, "test-acc": 0.1135, "__step_name__": "epoch"}}, {"time": "2020-05-16T02:25:14.304285+00:00", "event": "metrics", "data": {"epoch": 31, "train-loss": 2.2257299423217773, "train-acc": 0.2, "__step_name__": "epoch"}}, {"time": "2020-05-16T02:25:14.413158+00:00", "event": "metrics", "data": {"epoch": 32, "train-loss": 2.2428927421569824, "train-acc": 0.2, "__step_name__": "epoch"}}, {"time": "2020-05-16T02:25:16.349444+00:00", "event": "metrics", "data": {"epoch": 32, "test-loss": 2.30896162109375, "test-acc": 0.1135, "__step_name__": "epoch"}}, {"time": "2020-05-16T02:25:16.506832+00:00", "event": "metrics", "data": {"epoch": 33, "train-loss": 2.22639799118042, "train-acc": 0.2, "__step_name__": "epoch"}}, {"time": "2020-05-16T02:25:16.609714+00:00", "event": "metrics", "data": {"epoch": 34, "train-loss": 2.2369606494903564, "train-acc": 0.2, "__step_name__": "epoch"}}, {"time": "2020-05-16T02:25:18.548042+00:00", "event": "metrics", "data": {"epoch": 34, "test-loss": 2.309026953125, "test-acc": 0.1135, "__step_name__": "epoch"}}, {"time": "2020-05-16T02:25:18.658829+00:00", "event": "metrics", "data": {"epoch": 35, "train-loss": 2.236477851867676, "train-acc": 0.2, "__step_name__": "epoch"}}, {"time": "2020-05-16T02:25:18.766657+00:00", "event": "metrics", "data": {"epoch": 36, "train-loss": 2.2465627193450928, "train-acc": 0.2, "__step_name__": "epoch"}}, {"time": "2020-05-16T02:25:20.615928+00:00", "event": "metrics", "data": {"epoch": 36, "test-loss": 2.309041015625, "test-acc": 0.1135, "__step_name__": "epoch"}}, {"time": "2020-05-16T02:25:20.732727+00:00", "event": "metrics", "data": {"epoch": 37, "train-loss": 2.2434544563293457, "train-acc": 0.2, "__step_name__": "epoch"}}, {"time": "2020-05-16T02:25:21.006089+00:00", "event": "metrics", "data": {"epoch": 38, "train-loss": 2.237464666366577, "train-acc": 0.11666666666666667, "__step_name__": "epoch"}}, {"time": "2020-05-16T02:25:22.859438+00:00", "event": "metrics", "data": {"epoch": 38, "test-loss": 2.3090337890625, "test-acc": 0.1135, "__step_name__": "epoch"}}, {"time": "2020-05-16T02:25:22.980155+00:00", "event": "metrics", "data": {"epoch": 39, "train-loss": 2.229027032852173, "train-acc": 0.2, "__step_name__": "epoch"}}, {"time": "2020-05-16T02:25:23.104407+00:00", "event": "metrics", "data": {"epoch": 40, "train-loss": 2.246356964111328, "train-acc": 0.2, "__step_name__": "epoch"}}, {"time": "2020-05-16T02:25:25.032978+00:00", "event": "metrics", "data": {"epoch": 40, "test-loss": 2.30904638671875, "test-acc": 0.1135, "__step_name__": "epoch"}}, {"time": "2020-05-16T02:25:25.153934+00:00", "event": "metrics", "data": {"epoch": 41, "train-loss": 2.233328342437744, "train-acc": 0.2, "__step_name__": "epoch"}}, {"time": "2020-05-16T02:25:25.356157+00:00", "event": "metrics", "data": {"epoch": 42, "train-loss": 2.2432098388671875, "train-acc": 0.2, "__step_name__": "epoch"}}, {"time": "2020-05-16T02:25:27.206617+00:00", "event": "metrics", "data": {"epoch": 42, "test-loss": 2.30905263671875, "test-acc": 0.1135, "__step_name__": "epoch"}}, {"time": "2020-05-16T02:25:27.332400+00:00", "event": "metrics", "data": {"epoch": 43, "train-loss": 2.228543996810913, "train-acc": 0.2, "__step_name__": "epoch"}}, {"time": "2020-05-16T02:25:27.442661+00:00", "event": "metrics", "data": {"epoch": 44, "train-loss": 2.2425663471221924, "train-acc": 0.2, "__step_name__": "epoch"}}, {"time": "2020-05-16T02:25:29.279871+00:00", "event": "metrics", "data": {"epoch": 44, "test-loss": 2.30906484375, "test-acc": 0.0892, "__step_name__": "epoch"}}, {"time": "2020-05-16T02:25:29.392569+00:00", "event": "metrics", "data": {"epoch": 45, "train-loss": 2.241014242172241, "train-acc": 0.15, "__step_name__": "epoch"}}, {"time": "2020-05-16T02:25:29.506712+00:00", "event": "metrics", "data": {"epoch": 46, "train-loss": 2.2271933555603027, "train-acc": 0.13333333333333333, "__step_name__": "epoch"}}, {"time": "2020-05-16T02:25:31.364500+00:00", "event": "metrics", "data": {"epoch": 46, "test-loss": 2.30910390625, "test-acc": 0.0892, "__step_name__": "epoch"}}, {"time": "2020-05-16T02:25:31.492591+00:00", "event": "metrics", "data": {"epoch": 47, "train-loss": 2.226370334625244, "train-acc": 0.2, "__step_name__": "epoch"}}, {"time": "2020-05-16T02:25:31.605605+00:00", "event": "metrics", "data": {"epoch": 48, "train-loss": 2.2270796298980713, "train-acc": 0.15, "__step_name__": "epoch"}}, {"time": "2020-05-16T02:25:33.518841+00:00", "event": "metrics", "data": {"epoch": 48, "test-loss": 2.30914814453125, "test-acc": 0.0892, "__step_name__": "epoch"}}, {"time": "2020-05-16T02:25:33.645905+00:00", "event": "metrics", "data": {"epoch": 49, "train-loss": 2.2577574253082275, "train-acc": 0.2, "__step_name__": "epoch"}}, {"time": "2020-05-16T02:25:33.841666+00:00", "event": "metrics", "data": {"epoch": 50, "train-loss": 2.225478410720825, "train-acc": 0.2, "__step_name__": "epoch"}}, {"time": "2020-05-16T02:25:35.689963+00:00", "event": "metrics", "data": {"epoch": 50, "test-loss": 2.3091146484375, "test-acc": 0.0892, "__step_name__": "epoch"}}, {"time": "2020-05-16T02:25:35.813343+00:00", "event": "metrics", "data": {"epoch": 51, "train-loss": 2.2620017528533936, "train-acc": 0.2, "__step_name__": "epoch"}}, {"time": "2020-05-16T02:25:35.928363+00:00", "event": "metrics", "data": {"epoch": 52, "train-loss": 2.2600183486938477, "train-acc": 0.2, "__step_name__": "epoch"}}, {"time": "2020-05-16T02:25:38.127111+00:00", "event": "metrics", "data": {"epoch": 52, "test-loss": 2.30904970703125, "test-acc": 0.0892, "__step_name__": "epoch"}}, {"time": "2020-05-16T02:25:38.263300+00:00", "event": "metrics", "data": {"epoch": 53, "train-loss": 2.2456321716308594, "train-acc": 0.2, "__step_name__": "epoch"}}, {"time": "2020-05-16T02:25:38.381082+00:00", "event": "metrics", "data": {"epoch": 54, "train-loss": 2.2121827602386475, "train-acc": 0.2, "__step_name__": "epoch"}}, {"time": "2020-05-16T02:25:40.352139+00:00", "event": "metrics", "data": {"epoch": 54, "test-loss": 2.30900791015625, "test-acc": 0.1135, "__step_name__": "epoch"}}, {"time": "2020-05-16T02:25:40.544649+00:00", "event": "metrics", "data": {"epoch": 55, "train-loss": 2.2244057655334473, "train-acc": 0.2, "__step_name__": "epoch"}}, {"time": "2020-05-16T02:25:40.662546+00:00", "event": "metrics", "data": {"epoch": 56, "train-loss": 2.2321815490722656, "train-acc": 0.2, "__step_name__": "epoch"}}, {"time": "2020-05-16T02:25:42.549522+00:00", "event": "metrics", "data": {"epoch": 56, "test-loss": 2.30909599609375, "test-acc": 0.0892, "__step_name__": "epoch"}}, {"time": "2020-05-16T02:25:42.669960+00:00", "event": "metrics", "data": {"epoch": 57, "train-loss": 2.2525572776794434, "train-acc": 0.2, "__step_name__": "epoch"}}, {"time": "2020-05-16T02:25:42.807304+00:00", "event": "metrics", "data": {"epoch": 58, "train-loss": 2.2229883670806885, "train-acc": 0.2, "__step_name__": "epoch"}}, {"time": "2020-05-16T02:25:44.672429+00:00", "event": "metrics", "data": {"epoch": 58, "test-loss": 2.30907998046875, "test-acc": 0.0892, "__step_name__": "epoch"}}, {"time": "2020-05-16T02:25:44.808195+00:00", "event": "metrics", "data": {"epoch": 59, "train-loss": 2.2597384452819824, "train-acc": 0.16666666666666666, "__step_name__": "epoch"}}, {"time": "2020-05-16T02:25:44.934391+00:00", "event": "metrics", "data": {"epoch": 60, "train-loss": 2.236936092376709, "train-acc": 0.18333333333333332, "__step_name__": "epoch"}}, {"time": "2020-05-16T02:25:46.791091+00:00", "event": "metrics", "data": {"epoch": 60, "test-loss": 2.30907216796875, "test-acc": 0.0892, "__step_name__": "epoch"}}, {"time": "2020-05-16T02:25:46.923309+00:00", "event": "metrics", "data": {"epoch": 61, "train-loss": 2.2423183917999268, "train-acc": 0.18333333333333332, "__step_name__": "epoch"}}, {"time": "2020-05-16T02:25:47.100892+00:00", "event": "metrics", "data": {"epoch": 62, "train-loss": 2.2597503662109375, "train-acc": 0.18333333333333332, "__step_name__": "epoch"}}, {"time": "2020-05-16T02:25:49.044934+00:00", "event": "metrics", "data": {"epoch": 62, "test-loss": 2.30906533203125, "test-acc": 0.0892, "__step_name__": "epoch"}}, {"time": "2020-05-16T02:25:49.168261+00:00", "event": "metrics", "data": {"epoch": 63, "train-loss": 2.221539258956909, "train-acc": 0.16666666666666666, "__step_name__": "epoch"}}, {"time": "2020-05-16T02:25:49.288557+00:00", "event": "metrics", "data": {"epoch": 64, "train-loss": 2.209181785583496, "train-acc": 0.15, "__step_name__": "epoch"}}, {"time": "2020-05-16T02:25:51.150311+00:00", "event": "metrics", "data": {"epoch": 64, "test-loss": 2.30912265625, "test-acc": 0.0892, "__step_name__": "epoch"}}, {"time": "2020-05-16T02:25:51.310229+00:00", "event": "metrics", "data": {"epoch": 65, "train-loss": 2.2197272777557373, "train-acc": 0.2, "__step_name__": "epoch"}}, {"time": "2020-05-16T02:25:51.450974+00:00", "event": "metrics", "data": {"epoch": 66, "train-loss": 2.2753241062164307, "train-acc": 0.2, "__step_name__": "epoch"}}, {"time": "2020-05-16T02:25:53.301912+00:00", "event": "metrics", "data": {"epoch": 66, "test-loss": 2.3091384765625, "test-acc": 0.0892, "__step_name__": "epoch"}}, {"time": "2020-05-16T02:25:53.443831+00:00", "event": "metrics", "data": {"epoch": 67, "train-loss": 2.249175548553467, "train-acc": 0.18333333333333332, "__step_name__": "epoch"}}, {"time": "2020-05-16T02:25:53.563585+00:00", "event": "metrics", "data": {"epoch": 68, "train-loss": 2.2328145503997803, "train-acc": 0.16666666666666666, "__step_name__": "epoch"}}, {"time": "2020-05-16T02:25:55.418930+00:00", "event": "metrics", "data": {"epoch": 68, "test-loss": 2.3090654296875, "test-acc": 0.0892, "__step_name__": "epoch"}}, {"time": "2020-05-16T02:25:55.548251+00:00", "event": "metrics", "data": {"epoch": 69, "train-loss": 2.2357068061828613, "train-acc": 0.13333333333333333, "__step_name__": "epoch"}}, {"time": "2020-05-16T02:25:55.689897+00:00", "event": "metrics", "data": {"epoch": 70, "train-loss": 2.2376363277435303, "train-acc": 0.2, "__step_name__": "epoch"}}, {"time": "2020-05-16T02:25:57.631144+00:00", "event": "metrics", "data": {"epoch": 70, "test-loss": 2.3091052734375, "test-acc": 0.0892, "__step_name__": "epoch"}}, {"time": "2020-05-16T02:25:58.814518+00:00", "event": "metrics", "data": {"epoch": 71, "train-loss": 2.2360475063323975, "train-acc": 0.2, "__step_name__": "epoch"}}, {"time": "2020-05-16T02:25:58.940237+00:00", "event": "metrics", "data": {"epoch": 72, "train-loss": 2.2296319007873535, "train-acc": 0.13333333333333333, "__step_name__": "epoch"}}, {"time": "2020-05-16T02:26:00.809653+00:00", "event": "metrics", "data": {"epoch": 72, "test-loss": 2.309126171875, "test-acc": 0.0892, "__step_name__": "epoch"}}, {"time": "2020-05-16T02:26:00.948450+00:00", "event": "metrics", "data": {"epoch": 73, "train-loss": 2.2444875240325928, "train-acc": 0.15, "__step_name__": "epoch"}}, {"time": "2020-05-16T02:26:01.185202+00:00", "event": "metrics", "data": {"epoch": 74, "train-loss": 2.2522878646850586, "train-acc": 0.2, "__step_name__": "epoch"}}, {"time": "2020-05-16T02:26:03.052135+00:00", "event": "metrics", "data": {"epoch": 74, "test-loss": 2.30913232421875, "test-acc": 0.0892, "__step_name__": "epoch"}}, {"time": "2020-05-16T02:26:03.195804+00:00", "event": "metrics", "data": {"epoch": 75, "train-loss": 2.2473304271698, "train-acc": 0.16666666666666666, "__step_name__": "epoch"}}, {"time": "2020-05-16T02:26:03.336894+00:00", "event": "metrics", "data": {"epoch": 76, "train-loss": 2.2380759716033936, "train-acc": 0.2, "__step_name__": "epoch"}}, {"time": "2020-05-16T02:26:05.204760+00:00", "event": "metrics", "data": {"epoch": 76, "test-loss": 2.309096484375, "test-acc": 0.0892, "__step_name__": "epoch"}}, {"time": "2020-05-16T02:26:05.344331+00:00", "event": "metrics", "data": {"epoch": 77, "train-loss": 2.271242380142212, "train-acc": 0.15, "__step_name__": "epoch"}}, {"time": "2020-05-16T02:26:05.472636+00:00", "event": "metrics", "data": {"epoch": 78, "train-loss": 2.25276255607605, "train-acc": 0.2, "__step_name__": "epoch"}}, {"time": "2020-05-16T02:26:07.425087+00:00", "event": "metrics", "data": {"epoch": 78, "test-loss": 2.30904345703125, "test-acc": 0.0892, "__step_name__": "epoch"}}, {"time": "2020-05-16T02:26:07.582761+00:00", "event": "metrics", "data": {"epoch": 79, "train-loss": 2.209613084793091, "train-acc": 0.13333333333333333, "__step_name__": "epoch"}}, {"time": "2020-05-16T02:26:07.733464+00:00", "event": "metrics", "data": {"epoch": 80, "train-loss": 2.248507499694824, "train-acc": 0.2, "__step_name__": "epoch"}}, {"time": "2020-05-16T02:26:09.595112+00:00", "event": "metrics", "data": {"epoch": 80, "test-loss": 2.3091060546875, "test-acc": 0.0892, "__step_name__": "epoch"}}, {"time": "2020-05-16T02:26:09.748394+00:00", "event": "metrics", "data": {"epoch": 81, "train-loss": 2.2325329780578613, "train-acc": 0.2, "__step_name__": "epoch"}}, {"time": "2020-05-16T02:26:09.886695+00:00", "event": "metrics", "data": {"epoch": 82, "train-loss": 2.2428691387176514, "train-acc": 0.2, "__step_name__": "epoch"}}, {"time": "2020-05-16T02:26:11.764902+00:00", "event": "metrics", "data": {"epoch": 82, "test-loss": 2.309094140625, "test-acc": 0.0892, "__step_name__": "epoch"}}, {"time": "2020-05-16T02:26:11.908159+00:00", "event": "metrics", "data": {"epoch": 83, "train-loss": 2.2373435497283936, "train-acc": 0.2, "__step_name__": "epoch"}}, {"time": "2020-05-16T02:26:12.043400+00:00", "event": "metrics", "data": {"epoch": 84, "train-loss": 2.226958751678467, "train-acc": 0.2, "__step_name__": "epoch"}}, {"time": "2020-05-16T02:26:14.012493+00:00", "event": "metrics", "data": {"epoch": 84, "test-loss": 2.30908203125, "test-acc": 0.0892, "__step_name__": "epoch"}}, {"time": "2020-05-16T02:26:14.158390+00:00", "event": "metrics", "data": {"epoch": 85, "train-loss": 2.2373838424682617, "train-acc": 0.13333333333333333, "__step_name__": "epoch"}}, {"time": "2020-05-16T02:26:14.397667+00:00", "event": "metrics", "data": {"epoch": 86, "train-loss": 2.246178150177002, "train-acc": 0.2, "__step_name__": "epoch"}}, {"time": "2020-05-16T02:26:16.259917+00:00", "event": "metrics", "data": {"epoch": 86, "test-loss": 2.30910810546875, "test-acc": 0.0892, "__step_name__": "epoch"}}, {"time": "2020-05-16T02:26:16.408072+00:00", "event": "metrics", "data": {"epoch": 87, "train-loss": 2.231221914291382, "train-acc": 0.2, "__step_name__": "epoch"}}, {"time": "2020-05-16T02:26:16.548312+00:00", "event": "metrics", "data": {"epoch": 88, "train-loss": 2.240408420562744, "train-acc": 0.2, "__step_name__": "epoch"}}, {"time": "2020-05-16T02:26:18.418734+00:00", "event": "metrics", "data": {"epoch": 88, "test-loss": 2.3091083984375, "test-acc": 0.0892, "__step_name__": "epoch"}}, {"time": "2020-05-16T02:26:18.570183+00:00", "event": "metrics", "data": {"epoch": 89, "train-loss": 2.251873731613159, "train-acc": 0.2, "__step_name__": "epoch"}}, {"time": "2020-05-16T02:26:18.715207+00:00", "event": "metrics", "data": {"epoch": 90, "train-loss": 2.2531192302703857, "train-acc": 0.2, "__step_name__": "epoch"}}, {"time": "2020-05-16T02:26:20.580932+00:00", "event": "metrics", "data": {"epoch": 90, "test-loss": 2.30905703125, "test-acc": 0.0892, "__step_name__": "epoch"}}, {"time": "2020-05-16T02:26:20.724375+00:00", "event": "metrics", "data": {"epoch": 91, "train-loss": 2.2697691917419434, "train-acc": 0.2, "__step_name__": "epoch"}}, {"time": "2020-05-16T02:26:20.864782+00:00", "event": "metrics", "data": {"epoch": 92, "train-loss": 2.2511649131774902, "train-acc": 0.15, "__step_name__": "epoch"}}, {"time": "2020-05-16T02:26:22.829096+00:00", "event": "metrics", "data": {"epoch": 92, "test-loss": 2.30897998046875, "test-acc": 0.0892, "__step_name__": "epoch"}}, {"time": "2020-05-16T02:26:22.982924+00:00", "event": "metrics", "data": {"epoch": 93, "train-loss": 2.2699522972106934, "train-acc": 0.2, "__step_name__": "epoch"}}, {"time": "2020-05-16T02:26:23.146261+00:00", "event": "metrics", "data": {"epoch": 94, "train-loss": 2.244215965270996, "train-acc": 0.2, "__step_name__": "epoch"}}, {"time": "2020-05-16T02:26:25.030763+00:00", "event": "metrics", "data": {"epoch": 94, "test-loss": 2.308921484375, "test-acc": 0.0892, "__step_name__": "epoch"}}, {"time": "2020-05-16T02:26:25.182247+00:00", "event": "metrics", "data": {"epoch": 95, "train-loss": 2.2245750427246094, "train-acc": 0.2, "__step_name__": "epoch"}}, {"time": "2020-05-16T02:26:25.321055+00:00", "event": "metrics", "data": {"epoch": 96, "train-loss": 2.258033037185669, "train-acc": 0.16666666666666666, "__step_name__": "epoch"}}, {"time": "2020-05-16T02:26:27.205312+00:00", "event": "metrics", "data": {"epoch": 96, "test-loss": 2.30894228515625, "test-acc": 0.1135, "__step_name__": "epoch"}}, {"time": "2020-05-16T02:26:27.354417+00:00", "event": "metrics", "data": {"epoch": 97, "train-loss": 2.2453501224517822, "train-acc": 0.15, "__step_name__": "epoch"}}, {"time": "2020-05-16T02:26:27.494874+00:00", "event": "metrics", "data": {"epoch": 98, "train-loss": 2.2455286979675293, "train-acc": 0.2, "__step_name__": "epoch"}}, {"time": "2020-05-16T02:26:29.373087+00:00", "event": "metrics", "data": {"epoch": 98, "test-loss": 2.30889912109375, "test-acc": 0.1135, "__step_name__": "epoch"}}, {"time": "2020-05-16T02:26:29.520208+00:00", "event": "metrics", "data": {"epoch": 99, "train-loss": 2.2190029621124268, "train-acc": 0.2, "__step_name__": "epoch"}}, {"time": "2020-05-16T02:26:29.666471+00:00", "event": "metrics", "data": {"epoch": 100, "train-loss": 2.2549219131469727, "train-acc": 0.13333333333333333, "__step_name__": "epoch"}}, {"time": "2020-05-16T02:26:31.630456+00:00", "event": "metrics", "data": {"epoch": 100, "test-loss": 2.30895439453125, "test-acc": 0.1135, "__step_name__": "epoch"}}, {"time": "2020-05-16T02:26:31.783252+00:00", "event": "metrics", "data": {"epoch": 101, "train-loss": 2.219853639602661, "train-acc": 0.15, "__step_name__": "epoch"}}, {"time": "2020-05-16T02:26:31.933534+00:00", "event": "metrics", "data": {"epoch": 102, "train-loss": 2.2452168464660645, "train-acc": 0.2, "__step_name__": "epoch"}}, {"time": "2020-05-16T02:26:33.811390+00:00", "event": "metrics", "data": {"epoch": 102, "test-loss": 2.30894619140625, "test-acc": 0.1135, "__step_name__": "epoch"}}, {"time": "2020-05-16T02:26:33.964983+00:00", "event": "metrics", "data": {"epoch": 103, "train-loss": 2.2379581928253174, "train-acc": 0.2, "__step_name__": "epoch"}}, {"time": "2020-05-16T02:26:34.138273+00:00", "event": "metrics", "data": {"epoch": 104, "train-loss": 2.261521577835083, "train-acc": 0.2, "__step_name__": "epoch"}}, {"time": "2020-05-16T02:26:36.021458+00:00", "event": "metrics", "data": {"epoch": 104, "test-loss": 2.3089388671875, "test-acc": 0.1135, "__step_name__": "epoch"}}, {"time": "2020-05-16T02:26:36.177505+00:00", "event": "metrics", "data": {"epoch": 105, "train-loss": 2.227130174636841, "train-acc": 0.2, "__step_name__": "epoch"}}, {"time": "2020-05-16T02:26:36.342234+00:00", "event": "metrics", "data": {"epoch": 106, "train-loss": 2.238708257675171, "train-acc": 0.2, "__step_name__": "epoch"}}, {"time": "2020-05-16T02:26:38.248201+00:00", "event": "metrics", "data": {"epoch": 106, "test-loss": 2.30899248046875, "test-acc": 0.1135, "__step_name__": "epoch"}}, {"time": "2020-05-16T02:26:38.419106+00:00", "event": "metrics", "data": {"epoch": 107, "train-loss": 2.23754620552063, "train-acc": 0.2, "__step_name__": "epoch"}}, {"time": "2020-05-16T02:26:38.670118+00:00", "event": "metrics", "data": {"epoch": 108, "train-loss": 2.2124881744384766, "train-acc": 0.2, "__step_name__": "epoch"}}, {"time": "2020-05-16T02:26:40.650164+00:00", "event": "metrics", "data": {"epoch": 108, "test-loss": 2.30903876953125, "test-acc": 0.0892, "__step_name__": "epoch"}}, {"time": "2020-05-16T02:26:40.806593+00:00", "event": "metrics", "data": {"epoch": 109, "train-loss": 2.242701530456543, "train-acc": 0.2, "__step_name__": "epoch"}}, {"time": "2020-05-16T02:26:40.969120+00:00", "event": "metrics", "data": {"epoch": 110, "train-loss": 2.232774496078491, "train-acc": 0.2, "__step_name__": "epoch"}}, {"time": "2020-05-16T02:26:42.857714+00:00", "event": "metrics", "data": {"epoch": 110, "test-loss": 2.3090326171875, "test-acc": 0.1135, "__step_name__": "epoch"}}, {"time": "2020-05-16T02:26:43.044697+00:00", "event": "metrics", "data": {"epoch": 111, "train-loss": 2.2339894771575928, "train-acc": 0.2, "__step_name__": "epoch"}}, {"time": "2020-05-16T02:26:43.200091+00:00", "event": "metrics", "data": {"epoch": 112, "train-loss": 2.2385170459747314, "train-acc": 0.2, "__step_name__": "epoch"}}, {"time": "2020-05-16T02:26:45.092090+00:00", "event": "metrics", "data": {"epoch": 112, "test-loss": 2.3090818359375, "test-acc": 0.0892, "__step_name__": "epoch"}}, {"time": "2020-05-16T02:26:45.257776+00:00", "event": "metrics", "data": {"epoch": 113, "train-loss": 2.235597848892212, "train-acc": 0.16666666666666666, "__step_name__": "epoch"}}, {"time": "2020-05-16T02:26:45.408933+00:00", "event": "metrics", "data": {"epoch": 114, "train-loss": 2.2279677391052246, "train-acc": 0.2, "__step_name__": "epoch"}}, {"time": "2020-05-16T02:26:47.317376+00:00", "event": "metrics", "data": {"epoch": 114, "test-loss": 2.30909599609375, "test-acc": 0.0892, "__step_name__": "epoch"}}, {"time": "2020-05-16T02:26:47.477493+00:00", "event": "metrics", "data": {"epoch": 115, "train-loss": 2.221557140350342, "train-acc": 0.2, "__step_name__": "epoch"}}, {"time": "2020-05-16T02:26:47.631334+00:00", "event": "metrics", "data": {"epoch": 116, "train-loss": 2.249408721923828, "train-acc": 0.15, "__step_name__": "epoch"}}, {"time": "2020-05-16T02:26:49.608354+00:00", "event": "metrics", "data": {"epoch": 116, "test-loss": 2.309065625, "test-acc": 0.1135, "__step_name__": "epoch"}}, {"time": "2020-05-16T02:26:49.776777+00:00", "event": "metrics", "data": {"epoch": 117, "train-loss": 2.2342419624328613, "train-acc": 0.2, "__step_name__": "epoch"}}, {"time": "2020-05-16T02:26:49.942904+00:00", "event": "metrics", "data": {"epoch": 118, "train-loss": 2.2413010597229004, "train-acc": 0.18333333333333332, "__step_name__": "epoch"}}, {"time": "2020-05-16T02:26:51.833664+00:00", "event": "metrics", "data": {"epoch": 118, "test-loss": 2.3090578125, "test-acc": 0.1135, "__step_name__": "epoch"}}, {"time": "2020-05-16T02:26:51.995261+00:00", "event": "metrics", "data": {"epoch": 119, "train-loss": 2.2606618404388428, "train-acc": 0.2, "__step_name__": "epoch"}}, {"time": "2020-05-16T02:26:52.145563+00:00", "event": "metrics", "data": {"epoch": 120, "train-loss": 2.255204916000366, "train-acc": 0.2, "__step_name__": "epoch"}}, {"time": "2020-05-16T02:26:54.041408+00:00", "event": "metrics", "data": {"epoch": 120, "test-loss": 2.30900146484375, "test-acc": 0.1135, "__step_name__": "epoch"}}, {"time": "2020-05-16T02:26:54.207620+00:00", "event": "metrics", "data": {"epoch": 121, "train-loss": 2.2389438152313232, "train-acc": 0.16666666666666666, "__step_name__": "epoch"}}, {"time": "2020-05-16T02:26:54.369048+00:00", "event": "metrics", "data": {"epoch": 122, "train-loss": 2.2344839572906494, "train-acc": 0.13333333333333333, "__step_name__": "epoch"}}, {"time": "2020-05-16T02:26:56.423874+00:00", "event": "metrics", "data": {"epoch": 122, "test-loss": 2.3089759765625, "test-acc": 0.1135, "__step_name__": "epoch"}}, {"time": "2020-05-16T02:26:56.583248+00:00", "event": "metrics", "data": {"epoch": 123, "train-loss": 2.208117723464966, "train-acc": 0.2, "__step_name__": "epoch"}}, {"time": "2020-05-16T02:26:56.743205+00:00", "event": "metrics", "data": {"epoch": 124, "train-loss": 2.2533483505249023, "train-acc": 0.2, "__step_name__": "epoch"}}, {"time": "2020-05-16T02:26:58.649315+00:00", "event": "metrics", "data": {"epoch": 124, "test-loss": 2.30904345703125, "test-acc": 0.1135, "__step_name__": "epoch"}}, {"time": "2020-05-16T02:26:58.815307+00:00", "event": "metrics", "data": {"epoch": 125, "train-loss": 2.2432477474212646, "train-acc": 0.2, "__step_name__": "epoch"}}, {"time": "2020-05-16T02:26:58.985099+00:00", "event": "metrics", "data": {"epoch": 126, "train-loss": 2.2287003993988037, "train-acc": 0.2, "__step_name__": "epoch"}}, {"time": "2020-05-16T02:27:00.872354+00:00", "event": "metrics", "data": {"epoch": 126, "test-loss": 2.3090796875, "test-acc": 0.0892, "__step_name__": "epoch"}}, {"time": "2020-05-16T02:27:01.061478+00:00", "event": "metrics", "data": {"epoch": 127, "train-loss": 2.2358784675598145, "train-acc": 0.2, "__step_name__": "epoch"}}, {"time": "2020-05-16T02:27:01.230940+00:00", "event": "metrics", "data": {"epoch": 128, "train-loss": 2.2176671028137207, "train-acc": 0.16666666666666666, "__step_name__": "epoch"}}, {"time": "2020-05-16T02:27:03.112678+00:00", "event": "metrics", "data": {"epoch": 128, "test-loss": 2.3091333984375, "test-acc": 0.0892, "__step_name__": "epoch"}}, {"time": "2020-05-16T02:27:03.292218+00:00", "event": "metrics", "data": {"epoch": 129, "train-loss": 2.246802806854248, "train-acc": 0.2, "__step_name__": "epoch"}}, {"time": "2020-05-16T02:27:03.469300+00:00", "event": "metrics", "data": {"epoch": 130, "train-loss": 2.276054859161377, "train-acc": 0.2, "__step_name__": "epoch"}}, {"time": "2020-05-16T02:27:05.456010+00:00", "event": "metrics", "data": {"epoch": 130, "test-loss": 2.30908193359375, "test-acc": 0.0892, "__step_name__": "epoch"}}, {"time": "2020-05-16T02:27:05.636962+00:00", "event": "metrics", "data": {"epoch": 131, "train-loss": 2.286745309829712, "train-acc": 0.2, "__step_name__": "epoch"}}, {"time": "2020-05-16T02:27:05.809558+00:00", "event": "metrics", "data": {"epoch": 132, "train-loss": 2.2439682483673096, "train-acc": 0.18333333333333332, "__step_name__": "epoch"}}, {"time": "2020-05-16T02:27:07.728156+00:00", "event": "metrics", "data": {"epoch": 132, "test-loss": 2.30894775390625, "test-acc": 0.1135, "__step_name__": "epoch"}}, {"time": "2020-05-16T02:27:07.893217+00:00", "event": "metrics", "data": {"epoch": 133, "train-loss": 2.234710931777954, "train-acc": 0.13333333333333333, "__step_name__": "epoch"}}, {"time": "2020-05-16T02:27:08.059862+00:00", "event": "metrics", "data": {"epoch": 134, "train-loss": 2.234896183013916, "train-acc": 0.2, "__step_name__": "epoch"}}, {"time": "2020-05-16T02:27:09.964088+00:00", "event": "metrics", "data": {"epoch": 134, "test-loss": 2.3089529296875, "test-acc": 0.1135, "__step_name__": "epoch"}}, {"time": "2020-05-16T02:27:10.168846+00:00", "event": "metrics", "data": {"epoch": 135, "train-loss": 2.226092576980591, "train-acc": 0.2, "__step_name__": "epoch"}}, {"time": "2020-05-16T02:27:10.331213+00:00", "event": "metrics", "data": {"epoch": 136, "train-loss": 2.2288615703582764, "train-acc": 0.2, "__step_name__": "epoch"}}, {"time": "2020-05-16T02:27:12.275241+00:00", "event": "metrics", "data": {"epoch": 136, "test-loss": 2.30902421875, "test-acc": 0.0892, "__step_name__": "epoch"}}, {"time": "2020-05-16T02:27:12.452258+00:00", "event": "metrics", "data": {"epoch": 137, "train-loss": 2.261150598526001, "train-acc": 0.18333333333333332, "__step_name__": "epoch"}}, {"time": "2020-05-16T02:27:12.627632+00:00", "event": "metrics", "data": {"epoch": 138, "train-loss": 2.265822172164917, "train-acc": 0.2, "__step_name__": "epoch"}}, {"time": "2020-05-16T02:27:14.619698+00:00", "event": "metrics", "data": {"epoch": 138, "test-loss": 2.30899970703125, "test-acc": 0.0892, "__step_name__": "epoch"}}, {"time": "2020-05-16T02:27:14.793298+00:00", "event": "metrics", "data": {"epoch": 139, "train-loss": 2.236133337020874, "train-acc": 0.2, "__step_name__": "epoch"}}, {"time": "2020-05-16T02:27:14.967300+00:00", "event": "metrics", "data": {"epoch": 140, "train-loss": 2.248638391494751, "train-acc": 0.2, "__step_name__": "epoch"}}, {"time": "2020-05-16T02:27:16.882299+00:00", "event": "metrics", "data": {"epoch": 140, "test-loss": 2.30895712890625, "test-acc": 0.1135, "__step_name__": "epoch"}}, {"time": "2020-05-16T02:27:17.059973+00:00", "event": "metrics", "data": {"epoch": 141, "train-loss": 2.2507553100585938, "train-acc": 0.2, "__step_name__": "epoch"}}, {"time": "2020-05-16T02:27:17.238672+00:00", "event": "metrics", "data": {"epoch": 142, "train-loss": 2.2530248165130615, "train-acc": 0.18333333333333332, "__step_name__": "epoch"}}, {"time": "2020-05-16T02:27:19.170428+00:00", "event": "metrics", "data": {"epoch": 142, "test-loss": 2.3089615234375, "test-acc": 0.0892, "__step_name__": "epoch"}}, {"time": "2020-05-16T02:27:19.349598+00:00", "event": "metrics", "data": {"epoch": 143, "train-loss": 2.2510085105895996, "train-acc": 0.2, "__step_name__": "epoch"}}, {"time": "2020-05-16T02:27:19.530642+00:00", "event": "metrics", "data": {"epoch": 144, "train-loss": 2.2481882572174072, "train-acc": 0.2, "__step_name__": "epoch"}}, {"time": "2020-05-16T02:27:21.539988+00:00", "event": "metrics", "data": {"epoch": 144, "test-loss": 2.308916015625, "test-acc": 0.1135, "__step_name__": "epoch"}}, {"time": "2020-05-16T02:27:21.713737+00:00", "event": "metrics", "data": {"epoch": 145, "train-loss": 2.2579267024993896, "train-acc": 0.2, "__step_name__": "epoch"}}, {"time": "2020-05-16T02:27:21.893872+00:00", "event": "metrics", "data": {"epoch": 146, "train-loss": 2.2250988483428955, "train-acc": 0.2, "__step_name__": "epoch"}}, {"time": "2020-05-16T02:27:23.798716+00:00", "event": "metrics", "data": {"epoch": 146, "test-loss": 2.3089076171875, "test-acc": 0.1135, "__step_name__": "epoch"}}, {"time": "2020-05-16T02:27:23.967743+00:00", "event": "metrics", "data": {"epoch": 147, "train-loss": 2.228952646255493, "train-acc": 0.13333333333333333, "__step_name__": "epoch"}}, {"time": "2020-05-16T02:27:24.135314+00:00", "event": "metrics", "data": {"epoch": 148, "train-loss": 2.242176055908203, "train-acc": 0.2, "__step_name__": "epoch"}}, {"time": "2020-05-16T02:27:26.046175+00:00", "event": "metrics", "data": {"epoch": 148, "test-loss": 2.3089455078125, "test-acc": 0.1135, "__step_name__": "epoch"}}, {"time": "2020-05-16T02:27:26.233134+00:00", "event": "metrics", "data": {"epoch": 149, "train-loss": 2.235865831375122, "train-acc": 0.2, "__step_name__": "epoch"}}, {"time": "2020-05-16T02:27:26.413987+00:00", "event": "metrics", "data": {"epoch": 150, "train-loss": 2.2484333515167236, "train-acc": 0.13333333333333333, "__step_name__": "epoch"}}, {"time": "2020-05-16T02:27:28.323943+00:00", "event": "metrics", "data": {"epoch": 150, "test-loss": 2.30896982421875, "test-acc": 0.1135, "__step_name__": "epoch"}}, {"time": "2020-05-16T02:27:28.516164+00:00", "event": "metrics", "data": {"epoch": 151, "train-loss": 2.2400059700012207, "train-acc": 0.2, "__step_name__": "epoch"}}, {"time": "2020-05-16T02:27:28.710022+00:00", "event": "metrics", "data": {"epoch": 152, "train-loss": 2.2481110095977783, "train-acc": 0.15, "__step_name__": "epoch"}}, {"time": "2020-05-16T02:27:30.722121+00:00", "event": "metrics", "data": {"epoch": 152, "test-loss": 2.30894375, "test-acc": 0.1135, "__step_name__": "epoch"}}, {"time": "2020-05-16T02:27:30.909720+00:00", "event": "metrics", "data": {"epoch": 153, "train-loss": 2.2436327934265137, "train-acc": 0.13333333333333333, "__step_name__": "epoch"}}, {"time": "2020-05-16T02:27:31.135624+00:00", "event": "metrics", "data": {"epoch": 154, "train-loss": 2.266019344329834, "train-acc": 0.2, "__step_name__": "epoch"}}, {"time": "2020-05-16T02:27:33.039531+00:00", "event": "metrics", "data": {"epoch": 154, "test-loss": 2.3089060546875, "test-acc": 0.1135, "__step_name__": "epoch"}}, {"time": "2020-05-16T02:27:33.234152+00:00", "event": "metrics", "data": {"epoch": 155, "train-loss": 2.259917736053467, "train-acc": 0.2, "__step_name__": "epoch"}}, {"time": "2020-05-16T02:27:33.438688+00:00", "event": "metrics", "data": {"epoch": 156, "train-loss": 2.2444958686828613, "train-acc": 0.2, "__step_name__": "epoch"}}, {"time": "2020-05-16T02:27:35.362502+00:00", "event": "metrics", "data": {"epoch": 156, "test-loss": 2.308907421875, "test-acc": 0.1135, "__step_name__": "epoch"}}, {"time": "2020-05-16T02:27:35.560281+00:00", "event": "metrics", "data": {"epoch": 157, "train-loss": 2.21415638923645, "train-acc": 0.2, "__step_name__": "epoch"}}, {"time": "2020-05-16T02:27:35.744561+00:00", "event": "metrics", "data": {"epoch": 158, "train-loss": 2.2304508686065674, "train-acc": 0.2, "__step_name__": "epoch"}}, {"time": "2020-05-16T02:27:37.661010+00:00", "event": "metrics", "data": {"epoch": 158, "test-loss": 2.30900498046875, "test-acc": 0.0892, "__step_name__": "epoch"}}, {"time": "2020-05-16T02:27:37.839997+00:00", "event": "metrics", "data": {"epoch": 159, "train-loss": 2.2397217750549316, "train-acc": 0.2, "__step_name__": "epoch"}}, {"time": "2020-05-16T02:27:38.020908+00:00", "event": "metrics", "data": {"epoch": 160, "train-loss": 2.254657745361328, "train-acc": 0.2, "__step_name__": "epoch"}}, {"time": "2020-05-16T02:27:40.040728+00:00", "event": "metrics", "data": {"epoch": 160, "test-loss": 2.3089673828125, "test-acc": 0.1135, "__step_name__": "epoch"}}, {"time": "2020-05-16T02:27:40.292060+00:00", "event": "metrics", "data": {"epoch": 161, "train-loss": 2.237025022506714, "train-acc": 0.2, "__step_name__": "epoch"}}, {"time": "2020-05-16T02:27:40.465908+00:00", "event": "metrics", "data": {"epoch": 162, "train-loss": 2.22949481010437, "train-acc": 0.2, "__step_name__": "epoch"}}, {"time": "2020-05-16T02:27:42.384429+00:00", "event": "metrics", "data": {"epoch": 162, "test-loss": 2.30901171875, "test-acc": 0.0892, "__step_name__": "epoch"}}, {"time": "2020-05-16T02:27:42.578442+00:00", "event": "metrics", "data": {"epoch": 163, "train-loss": 2.2338240146636963, "train-acc": 0.2, "__step_name__": "epoch"}}, {"time": "2020-05-16T02:27:42.767157+00:00", "event": "metrics", "data": {"epoch": 164, "train-loss": 2.204380989074707, "train-acc": 0.2, "__step_name__": "epoch"}}, {"time": "2020-05-16T02:27:44.678178+00:00", "event": "metrics", "data": {"epoch": 164, "test-loss": 2.3090419921875, "test-acc": 0.1135, "__step_name__": "epoch"}}, {"time": "2020-05-16T02:27:44.869522+00:00", "event": "metrics", "data": {"epoch": 165, "train-loss": 2.221750497817993, "train-acc": 0.15, "__step_name__": "epoch"}}, {"time": "2020-05-16T02:27:45.092987+00:00", "event": "metrics", "data": {"epoch": 166, "train-loss": 2.2598769664764404, "train-acc": 0.2, "__step_name__": "epoch"}}, {"time": "2020-05-16T02:27:47.008001+00:00", "event": "metrics", "data": {"epoch": 166, "test-loss": 2.30906728515625, "test-acc": 0.1135, "__step_name__": "epoch"}}, {"time": "2020-05-16T02:27:47.210545+00:00", "event": "metrics", "data": {"epoch": 167, "train-loss": 2.2537734508514404, "train-acc": 0.11666666666666667, "__step_name__": "epoch"}}, {"time": "2020-05-16T02:27:47.405189+00:00", "event": "metrics", "data": {"epoch": 168, "train-loss": 2.2246336936950684, "train-acc": 0.2, "__step_name__": "epoch"}}, {"time": "2020-05-16T02:27:49.397223+00:00", "event": "metrics", "data": {"epoch": 168, "test-loss": 2.3090072265625, "test-acc": 0.1135, "__step_name__": "epoch"}}, {"time": "2020-05-16T02:27:49.593073+00:00", "event": "metrics", "data": {"epoch": 169, "train-loss": 2.2488045692443848, "train-acc": 0.2, "__step_name__": "epoch"}}, {"time": "2020-05-16T02:27:49.779279+00:00", "event": "metrics", "data": {"epoch": 170, "train-loss": 2.2388033866882324, "train-acc": 0.2, "__step_name__": "epoch"}}, {"time": "2020-05-16T02:27:51.711721+00:00", "event": "metrics", "data": {"epoch": 170, "test-loss": 2.30905771484375, "test-acc": 0.1135, "__step_name__": "epoch"}}, {"time": "2020-05-16T02:27:51.901650+00:00", "event": "metrics", "data": {"epoch": 171, "train-loss": 2.233703374862671, "train-acc": 0.16666666666666666, "__step_name__": "epoch"}}, {"time": "2020-05-16T02:27:52.157380+00:00", "event": "metrics", "data": {"epoch": 172, "train-loss": 2.2342312335968018, "train-acc": 0.15, "__step_name__": "epoch"}}, {"time": "2020-05-16T02:27:54.078685+00:00", "event": "metrics", "data": {"epoch": 172, "test-loss": 2.30906005859375, "test-acc": 0.1135, "__step_name__": "epoch"}}, {"time": "2020-05-16T02:27:54.324798+00:00", "event": "metrics", "data": {"epoch": 173, "train-loss": 2.238075017929077, "train-acc": 0.18333333333333332, "__step_name__": "epoch"}}, {"time": "2020-05-16T02:27:54.522416+00:00", "event": "metrics", "data": {"epoch": 174, "train-loss": 2.235710620880127, "train-acc": 0.2, "__step_name__": "epoch"}}, {"time": "2020-05-16T02:27:56.520769+00:00", "event": "metrics", "data": {"epoch": 174, "test-loss": 2.30905439453125, "test-acc": 0.1135, "__step_name__": "epoch"}}, {"time": "2020-05-16T02:27:56.718989+00:00", "event": "metrics", "data": {"epoch": 175, "train-loss": 2.255115270614624, "train-acc": 0.16666666666666666, "__step_name__": "epoch"}}, {"time": "2020-05-16T02:27:56.904772+00:00", "event": "metrics", "data": {"epoch": 176, "train-loss": 2.204608201980591, "train-acc": 0.2, "__step_name__": "epoch"}}, {"time": "2020-05-16T02:27:58.824386+00:00", "event": "metrics", "data": {"epoch": 176, "test-loss": 2.3090439453125, "test-acc": 0.1135, "__step_name__": "epoch"}}, {"time": "2020-05-16T02:27:59.039596+00:00", "event": "metrics", "data": {"epoch": 177, "train-loss": 2.240619659423828, "train-acc": 0.2, "__step_name__": "epoch"}}, {"time": "2020-05-16T02:27:59.249383+00:00", "event": "metrics", "data": {"epoch": 178, "train-loss": 2.2405569553375244, "train-acc": 0.2, "__step_name__": "epoch"}}, {"time": "2020-05-16T02:28:01.178970+00:00", "event": "metrics", "data": {"epoch": 178, "test-loss": 2.3090662109375, "test-acc": 0.1135, "__step_name__": "epoch"}}, {"time": "2020-05-16T02:28:01.403610+00:00", "event": "metrics", "data": {"epoch": 179, "train-loss": 2.2292981147766113, "train-acc": 0.2, "__step_name__": "epoch"}}, {"time": "2020-05-16T02:28:01.598056+00:00", "event": "metrics", "data": {"epoch": 180, "train-loss": 2.28334641456604, "train-acc": 0.2, "__step_name__": "epoch"}}, {"time": "2020-05-16T02:28:03.542599+00:00", "event": "metrics", "data": {"epoch": 180, "test-loss": 2.30904677734375, "test-acc": 0.1135, "__step_name__": "epoch"}}, {"time": "2020-05-16T02:28:03.733912+00:00", "event": "metrics", "data": {"epoch": 181, "train-loss": 2.2391974925994873, "train-acc": 0.18333333333333332, "__step_name__": "epoch"}}, {"time": "2020-05-16T02:28:03.925842+00:00", "event": "metrics", "data": {"epoch": 182, "train-loss": 2.2374320030212402, "train-acc": 0.2, "__step_name__": "epoch"}}, {"time": "2020-05-16T02:28:05.946055+00:00", "event": "metrics", "data": {"epoch": 182, "test-loss": 2.3090150390625, "test-acc": 0.1135, "__step_name__": "epoch"}}, {"time": "2020-05-16T02:28:06.187900+00:00", "event": "metrics", "data": {"epoch": 183, "train-loss": 2.22005033493042, "train-acc": 0.2, "__step_name__": "epoch"}}, {"time": "2020-05-16T02:28:06.397493+00:00", "event": "metrics", "data": {"epoch": 184, "train-loss": 2.2266223430633545, "train-acc": 0.16666666666666666, "__step_name__": "epoch"}}, {"time": "2020-05-16T02:28:08.342107+00:00", "event": "metrics", "data": {"epoch": 184, "test-loss": 2.309056640625, "test-acc": 0.1135, "__step_name__": "epoch"}}, {"time": "2020-05-16T02:28:08.552438+00:00", "event": "metrics", "data": {"epoch": 185, "train-loss": 2.2733662128448486, "train-acc": 0.2, "__step_name__": "epoch"}}, {"time": "2020-05-16T02:28:08.777679+00:00", "event": "metrics", "data": {"epoch": 186, "train-loss": 2.2362334728240967, "train-acc": 0.18333333333333332, "__step_name__": "epoch"}}, {"time": "2020-05-16T02:28:10.721893+00:00", "event": "metrics", "data": {"epoch": 186, "test-loss": 2.309002734375, "test-acc": 0.1135, "__step_name__": "epoch"}}, {"time": "2020-05-16T02:28:10.976492+00:00", "event": "metrics", "data": {"epoch": 187, "train-loss": 2.26228928565979, "train-acc": 0.2, "__step_name__": "epoch"}}, {"time": "2020-05-16T02:28:11.196694+00:00", "event": "metrics", "data": {"epoch": 188, "train-loss": 2.241472005844116, "train-acc": 0.2, "__step_name__": "epoch"}}, {"time": "2020-05-16T02:28:13.158980+00:00", "event": "metrics", "data": {"epoch": 188, "test-loss": 2.30898017578125, "test-acc": 0.1135, "__step_name__": "epoch"}}, {"time": "2020-05-16T02:28:13.473239+00:00", "event": "metrics", "data": {"epoch": 189, "train-loss": 2.2380738258361816, "train-acc": 0.13333333333333333, "__step_name__": "epoch"}}, {"time": "2020-05-16T02:28:13.720548+00:00", "event": "metrics", "data": {"epoch": 190, "train-loss": 2.2328686714172363, "train-acc": 0.2, "__step_name__": "epoch"}}, {"time": "2020-05-16T02:28:15.745191+00:00", "event": "metrics", "data": {"epoch": 190, "test-loss": 2.3089853515625, "test-acc": 0.1135, "__step_name__": "epoch"}}, {"time": "2020-05-16T02:28:15.989570+00:00", "event": "metrics", "data": {"epoch": 191, "train-loss": 2.2454617023468018, "train-acc": 0.2, "__step_name__": "epoch"}}, {"time": "2020-05-16T02:28:16.266173+00:00", "event": "metrics", "data": {"epoch": 192, "train-loss": 2.230027198791504, "train-acc": 0.18333333333333332, "__step_name__": "epoch"}}, {"time": "2020-05-16T02:28:18.250647+00:00", "event": "metrics", "data": {"epoch": 192, "test-loss": 2.30901923828125, "test-acc": 0.1135, "__step_name__": "epoch"}}, {"time": "2020-05-16T02:28:18.461229+00:00", "event": "metrics", "data": {"epoch": 193, "train-loss": 2.2439897060394287, "train-acc": 0.18333333333333332, "__step_name__": "epoch"}}, {"time": "2020-05-16T02:28:18.664888+00:00", "event": "metrics", "data": {"epoch": 194, "train-loss": 2.239093780517578, "train-acc": 0.2, "__step_name__": "epoch"}}, {"time": "2020-05-16T02:28:20.630465+00:00", "event": "metrics", "data": {"epoch": 194, "test-loss": 2.30901845703125, "test-acc": 0.1135, "__step_name__": "epoch"}}, {"time": "2020-05-16T02:28:20.855524+00:00", "event": "metrics", "data": {"epoch": 195, "train-loss": 2.2319371700286865, "train-acc": 0.15, "__step_name__": "epoch"}}, {"time": "2020-05-16T02:28:21.213115+00:00", "event": "metrics", "data": {"epoch": 196, "train-loss": 2.261223077774048, "train-acc": 0.13333333333333333, "__step_name__": "epoch"}}, {"time": "2020-05-16T02:28:23.178515+00:00", "event": "metrics", "data": {"epoch": 196, "test-loss": 2.3089970703125, "test-acc": 0.1135, "__step_name__": "epoch"}}, {"time": "2020-05-16T02:28:23.399783+00:00", "event": "metrics", "data": {"epoch": 197, "train-loss": 2.2484099864959717, "train-acc": 0.2, "__step_name__": "epoch"}}, {"time": "2020-05-16T02:28:23.644025+00:00", "event": "metrics", "data": {"epoch": 198, "train-loss": 2.2354958057403564, "train-acc": 0.2, "__step_name__": "epoch"}}, {"time": "2020-05-16T02:28:25.690228+00:00", "event": "metrics", "data": {"epoch": 198, "test-loss": 2.30895751953125, "test-acc": 0.1135, "__step_name__": "epoch"}}, {"time": "2020-05-16T02:28:25.943136+00:00", "event": "metrics", "data": {"epoch": 199, "train-loss": 2.233208417892456, "train-acc": 0.2, "__step_name__": "epoch"}}, {"time": "2020-05-16T02:28:26.172304+00:00", "event": "metrics", "data": {"epoch": 200, "train-loss": 2.226384401321411, "train-acc": 0.16666666666666666, "__step_name__": "epoch"}}, {"time": "2020-05-16T02:28:28.124559+00:00", "event": "metrics", "data": {"epoch": 200, "test-loss": 2.309008203125, "test-acc": 0.1135, "__step_name__": "epoch"}}, {"time": "2020-05-16T02:28:29.081579+00:00", "event": "ended", "data": {"status": "completed", "exit_code": 0, "metrics_rollup": {"epoch": 200, "test-loss": 2.309008203125, "test-acc": 0.1135, "__step_name__": "epoch"}}}, {"time": "2020-05-16T02:28:31.437156+00:00", "event": "capture_after", "data": {"elapsed": 0.028748273849487305, "count": 2}}], "last_time": "2020-05-16T02:28:31.320551+00:00", "start_time": "2020-05-16T02:24:33.742865+00:00", "queue_duration": 0.465727, "hparams": {"seed": 6512, "batch-size": 32, "epochs": 200, "lr": 0.09286428571428572, "momentum": 0.1, "channels1": 20, "channels2": 32, "kernel_size": 5, "mlp-units": 16, "weight-decay": 0.4, "optimizer": "sgd", "mid-conv": 1, "gpu": 0, "log-interval": 1}, "metrics": {"epoch": 200, "train-loss": 2.226384401321411, "train-acc": 0.16666666666666666, "__step_name__": "epoch", "test-loss": 2.309008203125, "test-acc": 0.1135}, "metric_names": ["epoch", "train-loss", "train-acc", "test-loss", "test-acc"], "exit_code": 0, "restarts": 0, "end_time": "2020-05-16T02:28:29.081579+00:00", "end_id": 6, "run_duration": 237.788987}